Condition	Model	Region Code	Seller rating	Seller rating count	Duration	Number of pictures	Length of description	End Weekday	Start Weekday	End Hour	Handling time	Global shipping	Shipping Locations	Shipping Type	Return accepted	Price
6.0	2.0	1.0	100.0	2.0	7.0	3.0	525.0	7.0	7.0	0.0	0.0	0.0	2.0	5.0	1.0	16
1.0	4.0	3.0	99.5	6.0	7.0	7.0	1985.0	4.0	4.0	2.0	2.0	0.0	1.0	5.0	1.0	3
2.0	2.0	1.0	95.2	1.0	7.0	6.0	690.0	6.0	6.0	16.0	3.0	0.0	249.0	5.0	1.0	16
2.0	1.0	3.0	99.4	3.0	5.0	4.0	545.0	5.0	7.0	23.0	1.0	0.0	1.0	7.0	1.0	5
1.0	4.0	3.0	99.1	6.0	7.0	8.0	91.0	7.0	7.0	2.0	1.0	0.0	1.0	7.0	1.0	3
2.0	4.0	3.0	99.4	11.0	3.0	3.0	4316.0	2.0	6.0	4.0	1.0	0.0	1.0	5.0	1.0	6
2.0	3.0	3.0	100.0	2.0	3.0	8.0	1512.0	4.0	1.0	23.0	3.0	1.0	40.0	7.0	0.0	9
1.0	6.0	3.0	100.0	3.0	7.0	3.0	136.0	4.0	4.0	3.0	2.0	0.0	1.0	5.0	0.0	1
2.0	4.0	3.0	99.4	11.0	1.0	3.0	4316.0	2.0	1.0	3.0	1.0	0.0	1.0	5.0	1.0	5
2.0	4.0	3.0	100.0	5.0	1.0	5.0	564.0	4.0	3.0	15.0	1.0	1.0	33.0	7.0	1.0	7
1.0	4.0	3.0	100.0	3.0	5.0	4.0	53.0	1.0	3.0	13.0	2.0	0.0	1.0	5.0	1.0	5
1.0	2.0	1.0	99.3	5.0	5.0	6.0	2096.0	7.0	2.0	16.0	1.0	0.0	1.0	7.0	1.0	11
1.0	2.0	1.0	99.3	5.0	3.0	6.0	2146.0	1.0	5.0	18.0	1.0	0.0	1.0	7.0	1.0	12
1.0	3.0	3.0	99.7	5.0	7.0	5.0	3998.0	2.0	2.0	17.0	1.0	0.0	1.0	5.0	0.0	5
2.0	4.0	3.0	99.7	10.0	7.0	10.0	5174.0	1.0	1.0	17.0	1.0	1.0	4.0	7.0	1.0	5
1.0	6.0	3.0	99.0	10.0	3.0	3.0	7717.0	7.0	4.0	20.0	3.0	0.0	1.0	3.0	1.0	1
2.0	2.0	1.0	99.4	5.0	7.0	3.0	312.0	2.0	2.0	0.0	1.0	1.0	249.0	7.0	1.0	16
1.0	3.0	3.0	100.0	3.0	3.0	3.0	169.0	7.0	4.0	21.0	2.0	1.0	40.0	7.0	0.0	2
2.0	4.0	3.0	99.7	7.0	3.0	11.0	615.0	6.0	3.0	13.0	1.0	0.0	1.0	5.0	1.0	6
2.0	6.0	3.0	0.0	0.0	7.0	10.0	41.0	5.0	5.0	15.0	3.0	0.0	1.0	5.0	0.0	3
2.0	4.0	3.0	100.0	5.0	7.0	10.0	397.0	5.0	5.0	2.0	1.0	0.0	1.0	5.0	1.0	6
1.0	3.0	3.0	98.9	2.0	7.0	3.0	823.0	7.0	7.0	17.0	3.0	1.0	40.0	7.0	0.0	4
2.0	4.0	3.0	99.6	9.0	7.0	7.0	2378.0	1.0	1.0	17.0	3.0	0.0	1.0	7.0	1.0	7
6.0	2.0	1.0	100.0	5.0	3.0	9.0	1985.0	7.0	4.0	19.0	2.0	0.0	1.0	3.0	0.0	16
2.0	4.0	3.0	100.0	3.0	7.0	4.0	393.0	2.0	2.0	2.0	1.0	1.0	40.0	7.0	0.0	6
2.0	4.0	3.0	100.0	3.0	3.0	11.0	168.0	1.0	5.0	15.0	1.0	1.0	40.0	7.0	0.0	7
2.0	4.0	3.0	50.0	1.0	3.0	5.0	357.0	6.0	3.0	2.0	1.0	1.0	40.0	7.0	0.0	6
1.0	3.0	3.0	99.4	3.0	1.0	6.0	1701.0	6.0	5.0	0.0	1.0	1.0	5.0	7.0	1.0	1
6.0	4.0	3.0	100.0	0.0	7.0	5.0	167.0	2.0	2.0	19.0	2.0	0.0	1.0	5.0	0.0	7
2.0	3.0	3.0	100.0	0.0	5.0	3.0	459.0	1.0	3.0	4.0	2.0	1.0	249.0	7.0	0.0	5
2.0	4.0	3.0	99.4	11.0	3.0	3.0	4308.0	2.0	6.0	23.0	1.0	0.0	1.0	5.0	1.0	6
1.0	3.0	3.0	99.3	6.0	5.0	6.0	13615.0	7.0	2.0	19.0	2.0	1.0	40.0	7.0	0.0	3
2.0	3.0	3.0	100.0	1.0	7.0	7.0	182.0	3.0	3.0	5.0	2.0	0.0	1.0	7.0	0.0	4
1.0	4.0	3.0	99.4	6.0	1.0	3.0	1145.0	1.0	7.0	5.0	1.0	1.0	40.0	7.0	1.0	4
2.0	4.0	3.0	99.5	3.0	7.0	7.0	175.0	1.0	1.0	1.0	2.0	1.0	40.0	7.0	0.0	6
1.0	5.0	3.0	99.0	3.0	1.0	4.0	173.0	7.0	6.0	22.0	1.0	1.0	40.0	7.0	1.0	2
2.0	6.0	3.0	100.0	3.0	7.0	6.0	354.0	7.0	7.0	23.0	0.0	1.0	1.0	5.0	0.0	3
2.0	4.0	3.0	99.4	4.0	1.0	4.0	3835.0	1.0	7.0	2.0	0.0	0.0	1.0	5.0	1.0	9
2.0	4.0	3.0	99.5	6.0	7.0	8.0	2134.0	2.0	2.0	1.0	2.0	0.0	1.0	5.0	1.0	7
2.0	3.0	3.0	100.0	1.0	3.0	9.0	508.0	2.0	6.0	16.0	3.0	1.0	40.0	7.0	0.0	8
2.0	2.0	1.0	99.7	7.0	7.0	12.0	1249.0	5.0	5.0	1.0	1.0	1.0	40.0	7.0	1.0	14
2.0	2.0	1.0	99.3	5.0	7.0	8.0	1995.0	2.0	2.0	15.0	1.0	0.0	1.0	7.0	1.0	15
2.0	5.0	3.0	99.4	3.0	7.0	7.0	373.0	1.0	1.0	22.0	1.0	1.0	40.0	7.0	0.0	2
2.0	4.0	3.0	99.7	7.0	7.0	10.0	2573.0	3.0	3.0	2.0	1.0	0.0	1.0	5.0	1.0	6
1.0	2.0	1.0	99.6	5.0	1.0	3.0	434.0	5.0	4.0	0.0	1.0	0.0	1.0	5.0	0.0	8
2.0	3.0	1.0	100.0	3.0	7.0	4.0	190.0	7.0	7.0	19.0	2.0	1.0	249.0	7.0	0.0	5
2.0	7.0	3.0	100.0	3.0	3.0	4.0	561.0	3.0	7.0	15.0	2.0	0.0	1.0	5.0	0.0	2
2.0	4.0	3.0	100.0	1.0	7.0	12.0	471.0	2.0	2.0	1.0	1.0	0.0	1.0	5.0	0.0	7
1.0	3.0	3.0	98.4	4.0	7.0	6.0	2890.0	4.0	4.0	1.0	3.0	1.0	40.0	7.0	0.0	2
2.0	5.0	3.0	98.8	4.0	7.0	5.0	521.0	4.0	4.0	2.0	2.0	0.0	1.0	7.0	1.0	1
2.0	2.0	3.0	100.0	0.0	3.0	12.0	526.0	5.0	2.0	18.0	1.0	0.0	1.0	3.0	0.0	17
1.0	4.0	3.0	99.4	8.0	7.0	3.0	1547.0	4.0	4.0	19.0	1.0	0.0	1.0	7.0	0.0	3
2.0	6.0	3.0	100.0	3.0	5.0	4.0	221.0	7.0	2.0	13.0	2.0	0.0	1.0	5.0	0.0	2
1.0	3.0	3.0	99.6	4.0	3.0	8.0	1428.0	1.0	5.0	17.0	1.0	0.0	1.0	5.0	0.0	1
1.0	4.0	3.0	100.0	6.0	7.0	3.0	929.0	3.0	3.0	23.0	1.0	0.0	1.0	5.0	1.0	5
2.0	4.0	3.0	0.0	0.0	10.0	6.0	230.0	3.0	7.0	18.0	3.0	0.0	1.0	7.0	0.0	5
6.0	2.0	1.0	100.0	0.0	7.0	5.0	668.0	2.0	2.0	18.0	1.0	0.0	1.0	5.0	0.0	15
2.0	4.0	3.0	100.0	1.0	1.0	3.0	156.0	6.0	5.0	18.0	2.0	1.0	40.0	7.0	0.0	7
2.0	4.0	3.0	100.0	2.0	1.0	7.0	819.0	1.0	7.0	1.0	2.0	0.0	1.0	5.0	1.0	6
2.0	4.0	3.0	100.0	3.0	5.0	4.0	339.0	7.0	2.0	22.0	2.0	0.0	1.0	5.0	0.0	6
2.0	4.0	3.0	96.3	2.0	7.0	5.0	890.0	1.0	1.0	0.0	2.0	1.0	40.0	7.0	0.0	5
2.0	3.0	3.0	99.4	5.0	7.0	7.0	340.0	3.0	3.0	3.0	1.0	0.0	249.0	7.0	1.0	6
6.0	2.0	1.0	100.0	8.0	3.0	4.0	2267.0	7.0	4.0	1.0	1.0	0.0	1.0	7.0	1.0	14
3.0	6.0	3.0	100.0	0.0	5.0	3.0	247.0	3.0	5.0	23.0	2.0	0.0	1.0	3.0	0.0	2
2.0	4.0	3.0	100.0	6.0	3.0	12.0	238.0	1.0	5.0	21.0	1.0	1.0	40.0	7.0	1.0	6
1.0	2.0	1.0	99.0	10.0	3.0	3.0	6360.0	1.0	5.0	3.0	3.0	1.0	40.0	7.0	1.0	9
1.0	4.0	3.0	99.8	7.0	7.0	7.0	1151.0	4.0	4.0	2.0	5.0	1.0	40.0	7.0	0.0	3
2.0	4.0	3.0	99.4	11.0	3.0	3.0	4316.0	2.0	6.0	4.0	1.0	0.0	1.0	5.0	1.0	6
2.0	4.0	3.0	99.4	11.0	3.0	3.0	4432.0	1.0	5.0	0.0	1.0	0.0	1.0	5.0	1.0	7
2.0	4.0	3.0	99.4	11.0	3.0	3.0	4432.0	4.0	1.0	23.0	1.0	0.0	1.0	5.0	1.0	5
2.0	6.0	3.0	85.7	0.0	7.0	5.0	258.0	6.0	6.0	2.0	2.0	0.0	1.0	7.0	0.0	2
1.0	2.0	1.0	99.3	5.0	7.0	6.0	2146.0	1.0	1.0	23.0	1.0	0.0	1.0	7.0	1.0	12
1.0	3.0	3.0	100.0	5.0	7.0	4.0	337.0	4.0	4.0	15.0	2.0	0.0	1.0	5.0	0.0	2
2.0	4.0	3.0	99.7	7.0	7.0	12.0	2723.0	5.0	5.0	2.0	1.0	0.0	1.0	5.0	1.0	5
6.0	2.0	1.0	100.0	1.0	7.0	4.0	288.0	4.0	4.0	23.0	2.0	0.0	1.0	7.0	0.0	16
2.0	6.0	3.0	100.0	5.0	3.0	8.0	390.0	3.0	7.0	15.0	2.0	0.0	1.0	3.0	0.0	3
1.0	2.0	1.0	99.4	6.0	1.0	5.0	1158.0	2.0	1.0	4.0	1.0	1.0	40.0	7.0	1.0	15
2.0	4.0	3.0	100.0	2.0	7.0	5.0	1051.0	6.0	6.0	17.0	3.0	0.0	1.0	5.0	0.0	6
1.0	4.0	3.0	100.0	1.0	7.0	3.0	237.0	5.0	5.0	20.0	1.0	1.0	40.0	3.0	0.0	5
6.0	4.0	3.0	100.0	1.0	7.0	3.0	276.0	5.0	5.0	0.0	2.0	1.0	40.0	7.0	0.0	8
2.0	4.0	3.0	99.7	7.0	7.0	3.0	751.0	6.0	6.0	19.0	1.0	0.0	249.0	5.0	1.0	5
2.0	3.0	3.0	99.1	8.0	5.0	6.0	9400.0	1.0	3.0	22.0	1.0	0.0	1.0	7.0	1.0	4
1.0	2.0	1.0	99.3	5.0	5.0	5.0	2152.0	6.0	1.0	23.0	1.0	0.0	1.0	7.0	1.0	12
2.0	4.0	3.0	100.0	0.0	3.0	4.0	315.0	1.0	5.0	12.0	2.0	0.0	1.0	3.0	0.0	6
1.0	4.0	3.0	99.7	6.0	5.0	6.0	1701.0	5.0	7.0	4.0	3.0	0.0	1.0	3.0	0.0	5
1.0	3.0	3.0	99.1	6.0	7.0	12.0	4308.0	4.0	4.0	20.0	1.0	0.0	1.0	5.0	0.0	2
2.0	6.0	3.0	100.0	2.0	7.0	3.0	243.0	6.0	6.0	15.0	2.0	1.0	40.0	7.0	0.0	2
2.0	6.0	3.0	100.0	2.0	3.0	6.0	201.0	7.0	4.0	23.0	2.0	0.0	1.0	7.0	0.0	2
2.0	4.0	3.0	99.4	11.0	1.0	3.0	4316.0	6.0	5.0	3.0	1.0	0.0	1.0	5.0	1.0	5
2.0	2.0	1.0	100.0	3.0	1.0	7.0	265.0	3.0	2.0	3.0	3.0	0.0	1.0	5.0	0.0	15
1.0	3.0	3.0	99.3	4.0	1.0	6.0	425.0	2.0	1.0	22.0	2.0	1.0	40.0	7.0	0.0	1
1.0	3.0	3.0	100.0	1.0	3.0	3.0	515.0	7.0	4.0	15.0	2.0	0.0	1.0	7.0	0.0	1
2.0	4.0	3.0	99.4	11.0	3.0	3.0	4432.0	1.0	5.0	23.0	1.0	0.0	1.0	5.0	1.0	5
2.0	2.0	1.0	100.0	0.0	7.0	6.0	278.0	6.0	6.0	19.0	3.0	0.0	1.0	7.0	0.0	14
2.0	3.0	2.0	100.0	3.0	7.0	4.0	633.0	7.0	7.0	16.0	2.0	0.0	1.0	7.0	0.0	2
2.0	3.0	3.0	0.0	0.0	3.0	12.0	254.0	2.0	6.0	21.0	2.0	0.0	1.0	3.0	0.0	7
1.0	4.0	3.0	100.0	3.0	5.0	4.0	509.0	5.0	7.0	15.0	2.0	0.0	1.0	5.0	0.0	3
2.0	4.0	3.0	100.0	3.0	7.0	5.0	246.0	4.0	4.0	9.0	1.0	0.0	1.0	3.0	0.0	6
2.0	3.0	3.0	98.3	3.0	7.0	12.0	502.0	2.0	2.0	14.0	2.0	0.0	1.0	5.0	0.0	9
2.0	5.0	3.0	100.0	5.0	7.0	6.0	249.0	2.0	2.0	2.0	1.0	1.0	1.0	5.0	1.0	1
2.0	4.0	3.0	98.4	2.0	1.0	3.0	671.0	5.0	4.0	3.0	2.0	1.0	40.0	7.0	0.0	9
2.0	4.0	3.0	99.4	11.0	3.0	3.0	4316.0	5.0	2.0	4.0	1.0	0.0	1.0	5.0	1.0	6
2.0	2.0	1.0	100.0	2.0	3.0	3.0	46.0	2.0	6.0	1.0	2.0	1.0	40.0	7.0	0.0	15
3.0	3.0	3.0	100.0	4.0	3.0	6.0	1995.0	4.0	1.0	15.0	2.0	1.0	40.0	7.0	0.0	7
2.0	2.0	1.0	100.0	2.0	3.0	3.0	315.0	3.0	7.0	2.0	2.0	0.0	1.0	7.0	0.0	14
1.0	5.0	3.0	100.0	2.0	7.0	5.0	446.0	4.0	4.0	2.0	2.0	0.0	1.0	7.0	0.0	1
2.0	3.0	3.0	99.6	5.0	3.0	3.0	893.0	1.0	5.0	23.0	1.0	0.0	1.0	3.0	0.0	6
2.0	3.0	3.0	93.3	2.0	1.0	4.0	159.0	3.0	2.0	15.0	2.0	1.0	40.0	7.0	0.0	4
2.0	6.0	3.0	100.0	3.0	7.0	9.0	154.0	1.0	1.0	21.0	2.0	0.0	1.0	7.0	0.0	2
2.0	6.0	3.0	100.0	1.0	7.0	4.0	86.0	6.0	6.0	20.0	1.0	0.0	1.0	3.0	0.0	2
2.0	4.0	3.0	99.4	11.0	3.0	3.0	4286.0	7.0	4.0	4.0	1.0	0.0	1.0	5.0	1.0	5
1.0	6.0	3.0	99.0	10.0	3.0	3.0	7717.0	1.0	5.0	1.0	3.0	0.0	1.0	3.0	1.0	1
2.0	3.0	3.0	100.0	3.0	7.0	5.0	1134.0	2.0	2.0	12.0	2.0	0.0	1.0	7.0	0.0	5
2.0	4.0	3.0	100.0	2.0	3.0	3.0	548.0	4.0	1.0	18.0	2.0	1.0	249.0	7.0	0.0	5
2.0	5.0	3.0	100.0	3.0	5.0	4.0	114.0	4.0	6.0	17.0	2.0	1.0	40.0	7.0	0.0	2
2.0	6.0	3.0	100.0	2.0	5.0	6.0	144.0	1.0	3.0	2.0	2.0	0.0	1.0	7.0	0.0	2
2.0	4.0	3.0	99.8	8.0	10.0	10.0	1814.0	1.0	5.0	1.0	2.0	0.0	1.0	5.0	1.0	6
2.0	4.0	3.0	100.0	4.0	1.0	4.0	254.0	3.0	2.0	19.0	1.0	1.0	40.0	7.0	0.0	4
2.0	6.0	3.0	100.0	1.0	7.0	6.0	513.0	6.0	6.0	1.0	2.0	1.0	40.0	7.0	0.0	2
1.0	3.0	3.0	99.7	6.0	5.0	6.0	1725.0	7.0	2.0	0.0	3.0	0.0	1.0	7.0	0.0	2
2.0	4.0	3.0	99.3	4.0	1.0	4.0	4209.0	3.0	2.0	21.0	1.0	0.0	1.0	7.0	1.0	6
3.0	4.0	3.0	99.4	4.0	1.0	4.0	2554.0	3.0	2.0	20.0	0.0	0.0	1.0	5.0	1.0	7
2.0	4.0	3.0	99.5	6.0	7.0	7.0	2162.0	4.0	4.0	1.0	2.0	0.0	1.0	5.0	1.0	5
2.0	0.0	1.0	100.0	3.0	7.0	5.0	385.0	2.0	2.0	23.0	2.0	1.0	3.0	7.0	1.0	3
2.0	7.0	3.0	100.0	5.0	7.0	5.0	180.0	7.0	7.0	17.0	1.0	0.0	1.0	5.0	0.0	1
2.0	3.0	3.0	89.7	1.0	1.0	5.0	504.0	4.0	3.0	1.0	1.0	1.0	249.0	7.0	0.0	8
1.0	4.0	3.0	99.6	9.0	7.0	9.0	2473.0	1.0	1.0	18.0	3.0	0.0	1.0	7.0	0.0	4
2.0	2.0	1.0	100.0	3.0	3.0	3.0	150.0	5.0	2.0	3.0	1.0	0.0	1.0	7.0	1.0	14
2.0	1.0	1.0	99.4	6.0	7.0	3.0	1247.0	1.0	1.0	1.0	1.0	1.0	40.0	7.0	1.0	6
2.0	4.0	3.0	100.0	1.0	7.0	3.0	471.0	5.0	5.0	4.0	2.0	0.0	1.0	7.0	0.0	9
2.0	0.0	1.0	100.0	0.0	7.0	3.0	133.0	4.0	4.0	19.0	2.0	0.0	1.0	3.0	0.0	2
6.0	2.0	1.0	100.0	2.0	7.0	4.0	669.0	7.0	7.0	23.0	2.0	0.0	1.0	3.0	0.0	19
2.0	2.0	1.0	92.3	1.0	7.0	10.0	193.0	5.0	5.0	2.0	2.0	0.0	1.0	7.0	0.0	13
1.0	2.0	1.0	99.3	5.0	5.0	6.0	2146.0	6.0	1.0	20.0	1.0	0.0	1.0	7.0	1.0	12
6.0	2.0	1.0	100.0	4.0	5.0	6.0	1142.0	6.0	1.0	19.0	1.0	0.0	1.0	7.0	1.0	15
1.0	4.0	3.0	98.9	3.0	7.0	4.0	513.0	7.0	7.0	19.0	2.0	1.0	40.0	7.0	1.0	8
1.0	4.0	3.0	99.7	10.0	7.0	9.0	4968.0	1.0	1.0	19.0	1.0	1.0	4.0	7.0	1.0	3
2.0	4.0	3.0	100.0	0.0	7.0	6.0	498.0	3.0	3.0	1.0	2.0	0.0	1.0	3.0	0.0	8
6.0	2.0	1.0	99.0	3.0	1.0	4.0	1485.0	2.0	1.0	2.0	2.0	1.0	40.0	7.0	0.0	17
2.0	0.0	1.0	100.0	5.0	1.0	3.0	188.0	3.0	2.0	19.0	2.0	0.0	1.0	3.0	0.0	2
2.0	1.0	1.0	100.0	3.0	7.0	4.0	46.0	4.0	4.0	16.0	2.0	0.0	1.0	7.0	0.0	7
2.0	4.0	3.0	100.0	1.0	1.0	3.0	297.0	7.0	6.0	14.0	1.0	0.0	1.0	7.0	0.0	7
2.0	2.0	1.0	100.0	3.0	5.0	7.0	72.0	2.0	4.0	21.0	2.0	1.0	40.0	7.0	0.0	16
2.0	2.0	1.0	100.0	3.0	3.0	5.0	266.0	1.0	5.0	6.0	2.0	0.0	1.0	5.0	0.0	15
1.0	4.0	3.0	100.0	3.0	3.0	3.0	243.0	2.0	6.0	19.0	2.0	1.0	40.0	7.0	0.0	4
2.0	2.0	1.0	99.6	4.0	7.0	6.0	6288.0	1.0	1.0	16.0	1.0	0.0	1.0	5.0	1.0	14
2.0	4.0	3.0	99.8	8.0	7.0	12.0	1712.0	2.0	2.0	0.0	2.0	0.0	1.0	5.0	1.0	5
2.0	4.0	3.0	100.0	3.0	5.0	5.0	305.0	1.0	3.0	13.0	2.0	0.0	1.0	5.0	0.0	6
2.0	1.0	1.0	99.2	7.0	7.0	4.0	5716.0	1.0	1.0	1.0	3.0	1.0	40.0	7.0	1.0	4
2.0	4.0	3.0	99.4	11.0	3.0	4.0	4972.0	2.0	6.0	3.0	1.0	0.0	1.0	5.0	1.0	7
2.0	2.0	1.0	100.0	3.0	1.0	3.0	270.0	7.0	6.0	3.0	1.0	0.0	1.0	5.0	0.0	15
2.0	2.0	1.0	99.3	5.0	3.0	4.0	2284.0	4.0	1.0	23.0	1.0	0.0	1.0	7.0	1.0	9
2.0	4.0	3.0	100.0	2.0	7.0	6.0	475.0	1.0	1.0	20.0	2.0	0.0	1.0	5.0	0.0	5
1.0	3.0	3.0	100.0	5.0	7.0	6.0	115.0	7.0	7.0	1.0	2.0	1.0	40.0	7.0	0.0	1
2.0	3.0	3.0	100.0	0.0	5.0	3.0	601.0	3.0	5.0	21.0	2.0	1.0	40.0	7.0	0.0	6
2.0	3.0	3.0	97.9	2.0	7.0	5.0	154.0	1.0	1.0	23.0	1.0	1.0	40.0	7.0	1.0	3
2.0	3.0	2.0	0.0	0.0	7.0	9.0	189.0	2.0	2.0	19.0	2.0	0.0	1.0	3.0	0.0	7
1.0	6.0	3.0	99.7	3.0	5.0	4.0	304.0	5.0	7.0	19.0	1.0	0.0	1.0	5.0	0.0	1
2.0	1.0	1.0	100.0	3.0	3.0	4.0	274.0	1.0	5.0	23.0	1.0	0.0	249.0	3.0	0.0	6
2.0	4.0	3.0	99.3	5.0	7.0	7.0	1102.0	3.0	3.0	20.0	2.0	1.0	35.0	7.0	0.0	7
2.0	4.0	3.0	100.0	1.0	7.0	7.0	286.0	6.0	6.0	23.0	1.0	0.0	1.0	3.0	0.0	8
1.0	3.0	3.0	100.0	2.0	3.0	6.0	381.0	2.0	6.0	3.0	1.0	0.0	1.0	5.0	0.0	1
2.0	4.0	3.0	100.0	3.0	7.0	6.0	929.0	1.0	1.0	0.0	2.0	1.0	40.0	7.0	1.0	9
2.0	4.0	3.0	99.5	5.0	7.0	6.0	369.0	3.0	3.0	18.0	1.0	1.0	40.0	7.0	1.0	7
2.0	3.0	3.0	0.0	0.0	7.0	7.0	29.0	3.0	3.0	15.0	3.0	0.0	1.0	3.0	0.0	5
1.0	3.0	3.0	99.0	4.0	1.0	3.0	510.0	1.0	7.0	1.0	2.0	1.0	40.0	7.0	0.0	2
1.0	2.0	1.0	99.3	5.0	7.0	5.0	2182.0	1.0	1.0	15.0	1.0	0.0	1.0	7.0	1.0	10
2.0	6.0	3.0	100.0	3.0	5.0	6.0	1898.0	6.0	1.0	17.0	2.0	0.0	1.0	5.0	1.0	3
1.0	6.0	3.0	99.0	10.0	3.0	3.0	7725.0	1.0	5.0	3.0	3.0	0.0	1.0	3.0	1.0	1
2.0	1.0	1.0	99.9	7.0	7.0	5.0	13908.0	3.0	3.0	2.0	1.0	1.0	40.0	7.0	1.0	6
6.0	2.0	1.0	99.4	7.0	1.0	3.0	1741.0	5.0	4.0	12.0	1.0	1.0	249.0	7.0	1.0	16
2.0	4.0	3.0	100.0	3.0	5.0	4.0	347.0	6.0	1.0	14.0	1.0	1.0	40.0	7.0	0.0	6
1.0	4.0	3.0	98.9	5.0	7.0	5.0	143.0	5.0	5.0	1.0	3.0	1.0	40.0	7.0	0.0	3
2.0	4.0	3.0	99.4	11.0	3.0	3.0	4316.0	1.0	5.0	4.0	1.0	0.0	1.0	5.0	1.0	5
2.0	4.0	3.0	100.0	3.0	3.0	4.0	181.0	3.0	7.0	5.0	2.0	0.0	1.0	5.0	0.0	5
2.0	4.0	3.0	99.4	11.0	3.0	3.0	4316.0	1.0	5.0	4.0	1.0	0.0	1.0	5.0	1.0	5
2.0	4.0	3.0	99.4	11.0	1.0	3.0	4316.0	1.0	7.0	1.0	1.0	0.0	1.0	5.0	1.0	6
2.0	4.0	3.0	99.4	11.0	3.0	3.0	4308.0	2.0	6.0	0.0	1.0	0.0	1.0	5.0	1.0	5
2.0	4.0	3.0	99.4	11.0	1.0	3.0	4308.0	3.0	2.0	1.0	1.0	0.0	1.0	5.0	1.0	5
1.0	2.0	1.0	99.3	5.0	3.0	11.0	2186.0	1.0	5.0	17.0	1.0	0.0	1.0	7.0	1.0	6
1.0	5.0	3.0	100.0	4.0	1.0	4.0	215.0	2.0	1.0	3.0	1.0	0.0	1.0	5.0	0.0	1
2.0	4.0	3.0	99.1	6.0	3.0	3.0	244.0	2.0	6.0	18.0	1.0	0.0	1.0	5.0	1.0	6
2.0	4.0	3.0	99.4	5.0	3.0	8.0	1653.0	6.0	3.0	15.0	3.0	0.0	1.0	3.0	1.0	8
1.0	3.0	3.0	93.3	2.0	1.0	4.0	183.0	1.0	7.0	16.0	2.0	1.0	3.0	7.0	0.0	2
2.0	4.0	3.0	99.7	7.0	7.0	7.0	4948.0	2.0	2.0	22.0	1.0	0.0	1.0	5.0	1.0	5
2.0	2.0	1.0	98.4	3.0	1.0	3.0	36.0	2.0	1.0	1.0	2.0	0.0	1.0	7.0	0.0	14
2.0	3.0	3.0	99.7	5.0	7.0	11.0	3856.0	4.0	4.0	19.0	1.0	0.0	1.0	3.0	1.0	3
1.0	2.0	1.0	100.0	3.0	7.0	3.0	23.0	3.0	3.0	3.0	2.0	0.0	1.0	5.0	0.0	9
2.0	4.0	3.0	0.0	0.0	3.0	3.0	23.0	7.0	4.0	21.0	3.0	1.0	40.0	7.0	0.0	5
2.0	5.0	3.0	100.0	3.0	7.0	8.0	250.0	7.0	7.0	4.0	2.0	0.0	1.0	7.0	1.0	2
2.0	3.0	3.0	96.2	1.0	5.0	5.0	697.0	3.0	5.0	22.0	2.0	0.0	1.0	5.0	0.0	5
2.0	4.0	3.0	99.5	6.0	7.0	8.0	2153.0	5.0	5.0	1.0	2.0	0.0	1.0	5.0	1.0	5
1.0	6.0	3.0	99.1	3.0	3.0	6.0	254.0	1.0	5.0	1.0	2.0	0.0	1.0	5.0	0.0	1
1.0	2.0	1.0	99.3	5.0	5.0	6.0	2146.0	3.0	5.0	17.0	1.0	0.0	1.0	7.0	1.0	13
2.0	4.0	3.0	100.0	4.0	7.0	11.0	2617.0	6.0	6.0	19.0	1.0	1.0	40.0	3.0	1.0	6
2.0	4.0	3.0	99.4	11.0	1.0	3.0	4316.0	5.0	4.0	3.0	1.0	0.0	1.0	5.0	1.0	5
6.0	2.0	1.0	100.0	3.0	7.0	5.0	328.0	1.0	1.0	22.0	1.0	0.0	1.0	5.0	0.0	15
2.0	2.0	1.0	99.3	5.0	7.0	6.0	2146.0	1.0	1.0	23.0	1.0	0.0	1.0	7.0	1.0	13
1.0	2.0	1.0	99.3	5.0	3.0	6.0	2198.0	7.0	4.0	23.0	1.0	0.0	1.0	7.0	1.0	6
2.0	6.0	3.0	98.0	4.0	3.0	4.0	756.0	3.0	7.0	23.0	2.0	0.0	1.0	5.0	0.0	2
2.0	4.0	3.0	99.5	5.0	7.0	9.0	269.0	5.0	5.0	17.0	1.0	1.0	40.0	7.0	0.0	6
2.0	4.0	3.0	100.0	1.0	3.0	3.0	375.0	1.0	5.0	15.0	2.0	0.0	1.0	7.0	0.0	7
1.0	2.0	1.0	99.3	5.0	3.0	6.0	2146.0	4.0	1.0	20.0	1.0	0.0	1.0	7.0	1.0	11
2.0	4.0	3.0	100.0	4.0	1.0	4.0	254.0	1.0	7.0	3.0	1.0	1.0	40.0	7.0	0.0	5
2.0	4.0	3.0	100.0	3.0	3.0	3.0	150.0	5.0	2.0	3.0	2.0	1.0	40.0	7.0	0.0	6
2.0	2.0	1.0	100.0	4.0	1.0	7.0	422.0	1.0	7.0	14.0	3.0	0.0	1.0	7.0	0.0	15
1.0	3.0	3.0	99.7	5.0	7.0	5.0	3970.0	2.0	2.0	17.0	1.0	0.0	1.0	5.0	0.0	5
2.0	4.0	3.0	100.0	2.0	7.0	4.0	262.0	7.0	7.0	23.0	2.0	1.0	40.0	7.0	0.0	6
2.0	7.0	3.0	99.4	7.0	7.0	6.0	3725.0	1.0	1.0	15.0	1.0	0.0	1.0	5.0	1.0	1
2.0	4.0	3.0	99.7	4.0	7.0	8.0	323.0	4.0	4.0	15.0	3.0	0.0	1.0	5.0	0.0	6
2.0	4.0	3.0	99.2	7.0	7.0	5.0	5754.0	1.0	1.0	1.0	3.0	1.0	40.0	7.0	1.0	7
1.0	3.0	3.0	100.0	1.0	7.0	9.0	494.0	5.0	5.0	4.0	1.0	0.0	1.0	5.0	1.0	3
2.0	1.0	1.0	100.0	3.0	3.0	9.0	377.0	7.0	4.0	22.0	2.0	1.0	5.0	7.0	0.0	5
2.0	2.0	1.0	100.0	1.0	5.0	5.0	199.0	2.0	4.0	1.0	2.0	1.0	40.0	7.0	0.0	17
2.0	3.0	3.0	99.6	4.0	3.0	12.0	1768.0	1.0	5.0	20.0	1.0	0.0	1.0	5.0	1.0	7
2.0	2.0	1.0	98.9	3.0	1.0	9.0	566.0	3.0	2.0	22.0	2.0	0.0	1.0	3.0	0.0	19
2.0	4.0	3.0	100.0	3.0	7.0	6.0	915.0	1.0	1.0	0.0	2.0	0.0	1.0	7.0	0.0	6
2.0	4.0	3.0	100.0	3.0	7.0	4.0	879.0	3.0	3.0	16.0	1.0	1.0	40.0	7.0	1.0	7
1.0	4.0	3.0	100.0	1.0	7.0	10.0	708.0	1.0	1.0	3.0	3.0	0.0	1.0	7.0	0.0	2
2.0	5.0	3.0	100.0	3.0	3.0	8.0	56.0	5.0	2.0	3.0	1.0	0.0	1.0	5.0	1.0	2
2.0	6.0	3.0	96.1	3.0	5.0	7.0	212.0	6.0	1.0	22.0	3.0	1.0	40.0	7.0	0.0	2
1.0	2.0	1.0	99.4	6.0	1.0	4.0	1203.0	1.0	7.0	22.0	1.0	1.0	40.0	7.0	1.0	42
1.0	3.0	3.0	99.5	3.0	7.0	3.0	93.0	3.0	3.0	1.0	2.0	1.0	5.0	7.0	0.0	2
2.0	2.0	1.0	100.0	5.0	1.0	5.0	1213.0	6.0	5.0	19.0	1.0	1.0	40.0	7.0	1.0	14
2.0	4.0	3.0	99.4	11.0	3.0	3.0	4432.0	6.0	3.0	23.0	1.0	0.0	1.0	5.0	1.0	5
1.0	4.0	3.0	99.5	6.0	7.0	7.0	2102.0	5.0	5.0	1.0	2.0	0.0	1.0	5.0	1.0	3
2.0	3.0	3.0	100.0	3.0	7.0	6.0	530.0	3.0	3.0	6.0	1.0	0.0	249.0	5.0	0.0	7
2.0	1.0	1.0	99.6	5.0	5.0	5.0	2269.0	1.0	3.0	22.0	1.0	0.0	1.0	7.0	1.0	4
1.0	2.0	1.0	99.4	6.0	1.0	4.0	1203.0	7.0	6.0	17.0	1.0	1.0	40.0	7.0	1.0	13
2.0	3.0	3.0	100.0	3.0	7.0	3.0	203.0	2.0	2.0	15.0	1.0	1.0	40.0	7.0	0.0	6
2.0	4.0	3.0	100.0	0.0	7.0	5.0	164.0	3.0	3.0	19.0	2.0	0.0	1.0	7.0	0.0	8
2.0	6.0	3.0	0.0	0.0	10.0	6.0	63.0	7.0	4.0	3.0	2.0	0.0	1.0	7.0	0.0	2
2.0	2.0	1.0	100.0	2.0	7.0	3.0	70.0	7.0	7.0	21.0	3.0	0.0	1.0	7.0	0.0	1
2.0	7.0	3.0	100.0	1.0	7.0	6.0	543.0	3.0	3.0	10.0	2.0	1.0	40.0	7.0	0.0	1
2.0	5.0	3.0	100.0	0.0	5.0	5.0	23.0	3.0	5.0	0.0	2.0	0.0	1.0	7.0	0.0	2
1.0	3.0	3.0	100.0	3.0	7.0	9.0	5010.0	1.0	1.0	19.0	1.0	0.0	1.0	7.0	1.0	3
2.0	4.0	3.0	100.0	1.0	7.0	7.0	356.0	7.0	7.0	21.0	2.0	0.0	1.0	7.0	0.0	7
2.0	4.0	3.0	100.0	1.0	7.0	4.0	68.0	1.0	1.0	18.0	3.0	1.0	249.0	7.0	0.0	6
2.0	1.0	1.0	98.8	9.0	7.0	7.0	2877.0	3.0	3.0	3.0	1.0	0.0	1.0	5.0	1.0	6
2.0	4.0	3.0	99.1	5.0	7.0	8.0	267.0	1.0	1.0	17.0	2.0	0.0	1.0	3.0	1.0	7
6.0	6.0	3.0	91.7	3.0	7.0	4.0	100.0	2.0	2.0	2.0	2.0	0.0	1.0	5.0	0.0	5
2.0	4.0	3.0	100.0	3.0	7.0	4.0	3105.0	2.0	2.0	20.0	2.0	0.0	1.0	5.0	0.0	6
2.0	0.0	3.0	99.7	3.0	3.0	8.0	142.0	2.0	6.0	18.0	2.0	1.0	40.0	7.0	0.0	3
1.0	3.0	3.0	98.4	4.0	7.0	6.0	3054.0	1.0	1.0	20.0	3.0	1.0	249.0	7.0	0.0	2
2.0	4.0	3.0	99.5	6.0	7.0	4.0	2118.0	5.0	5.0	1.0	2.0	0.0	1.0	5.0	1.0	7
1.0	3.0	3.0	99.0	4.0	3.0	3.0	510.0	4.0	1.0	0.0	2.0	1.0	40.0	7.0	0.0	3
2.0	4.0	3.0	100.0	1.0	7.0	12.0	447.0	2.0	2.0	18.0	2.0	0.0	1.0	7.0	0.0	6
1.0	4.0	3.0	99.6	5.0	7.0	12.0	671.0	3.0	3.0	17.0	3.0	0.0	1.0	3.0	1.0	5
2.0	4.0	3.0	99.6	5.0	7.0	5.0	936.0	5.0	5.0	14.0	1.0	0.0	1.0	7.0	1.0	6
1.0	3.0	3.0	100.0	1.0	7.0	3.0	194.0	1.0	1.0	16.0	3.0	0.0	1.0	7.0	0.0	1
6.0	1.0	1.0	99.7	10.0	7.0	9.0	5521.0	5.0	5.0	18.0	1.0	1.0	4.0	7.0	1.0	7
2.0	3.0	3.0	100.0	3.0	5.0	3.0	494.0	6.0	1.0	22.0	1.0	0.0	1.0	7.0	0.0	7
1.0	4.0	3.0	100.0	4.0	1.0	3.0	417.0	3.0	2.0	3.0	1.0	0.0	1.0	5.0	0.0	4
2.0	7.0	3.0	100.0	0.0	7.0	8.0	272.0	7.0	7.0	2.0	2.0	1.0	40.0	7.0	0.0	1
2.0	1.0	1.0	98.8	9.0	7.0	5.0	2652.0	6.0	6.0	4.0	1.0	0.0	1.0	5.0	1.0	5
6.0	2.0	1.0	99.6	5.0	1.0	5.0	321.0	5.0	4.0	3.0	1.0	0.0	1.0	3.0	0.0	17
1.0	2.0	1.0	99.3	5.0	3.0	6.0	2209.0	5.0	2.0	15.0	1.0	0.0	1.0	7.0	1.0	12
2.0	4.0	3.0	100.0	2.0	3.0	3.0	149.0	6.0	3.0	23.0	2.0	1.0	40.0	7.0	0.0	8
2.0	6.0	3.0	100.0	0.0	7.0	6.0	73.0	6.0	6.0	5.0	2.0	1.0	249.0	7.0	0.0	1
2.0	2.0	1.0	100.0	2.0	7.0	4.0	294.0	4.0	4.0	13.0	2.0	1.0	40.0	3.0	0.0	16
1.0	4.0	3.0	100.0	1.0	7.0	3.0	317.0	4.0	4.0	4.0	2.0	0.0	1.0	3.0	0.0	3
2.0	5.0	3.0	100.0	0.0	7.0	5.0	66.0	1.0	1.0	23.0	3.0	1.0	40.0	7.0	0.0	1
1.0	3.0	3.0	100.0	2.0	7.0	3.0	420.0	3.0	3.0	16.0	2.0	0.0	1.0	7.0	0.0	2
2.0	4.0	3.0	99.6	3.0	7.0	4.0	157.0	1.0	1.0	19.0	2.0	0.0	1.0	5.0	0.0	10
2.0	5.0	3.0	100.0	3.0	5.0	3.0	195.0	1.0	3.0	22.0	2.0	1.0	40.0	7.0	0.0	1
2.0	5.0	0.0	99.4	5.0	7.0	12.0	2925.0	2.0	2.0	1.0	3.0	0.0	249.0	7.0	1.0	1
6.0	2.0	1.0	100.0	1.0	3.0	3.0	22.0	6.0	3.0	0.0	2.0	0.0	1.0	7.0	0.0	15
2.0	3.0	3.0	100.0	3.0	7.0	12.0	243.0	4.0	4.0	23.0	2.0	0.0	1.0	5.0	0.0	6
1.0	2.0	1.0	99.3	5.0	5.0	6.0	2159.0	1.0	3.0	21.0	1.0	0.0	1.0	7.0	1.0	12
2.0	3.0	3.0	97.9	3.0	7.0	3.0	812.0	6.0	6.0	19.0	2.0	1.0	40.0	7.0	1.0	6
1.0	3.0	3.0	99.1	6.0	7.0	9.0	4127.0	2.0	2.0	22.0	1.0	0.0	1.0	5.0	0.0	2
6.0	2.0	1.0	98.7	4.0	7.0	7.0	1915.0	3.0	3.0	15.0	1.0	1.0	249.0	7.0	0.0	15
2.0	4.0	3.0	99.4	11.0	3.0	4.0	4972.0	6.0	3.0	3.0	1.0	0.0	1.0	5.0	1.0	7
1.0	6.0	3.0	100.0	3.0	7.0	6.0	166.0	1.0	1.0	12.0	2.0	1.0	40.0	7.0	0.0	1
2.0	4.0	3.0	99.4	11.0	3.0	3.0	4432.0	3.0	7.0	23.0	1.0	0.0	1.0	5.0	1.0	5
2.0	4.0	3.0	99.7	5.0	3.0	4.0	2750.0	1.0	5.0	18.0	1.0	0.0	1.0	5.0	1.0	7
2.0	4.0	3.0	99.4	11.0	1.0	3.0	4308.0	1.0	7.0	2.0	1.0	0.0	1.0	5.0	1.0	5
2.0	3.0	3.0	100.0	1.0	3.0	3.0	288.0	4.0	1.0	5.0	1.0	1.0	249.0	7.0	0.0	8
2.0	4.0	3.0	99.4	5.0	7.0	11.0	5215.0	6.0	6.0	17.0	3.0	0.0	1.0	5.0	1.0	6
1.0	4.0	3.0	99.7	5.0	3.0	4.0	2753.0	7.0	4.0	13.0	1.0	0.0	1.0	5.0	1.0	5
2.0	4.0	3.0	99.8	5.0	7.0	10.0	343.0	4.0	4.0	20.0	1.0	1.0	40.0	7.0	1.0	7
1.0	7.0	3.0	100.0	3.0	7.0	4.0	291.0	7.0	7.0	18.0	3.0	0.0	1.0	7.0	0.0	1
1.0	3.0	3.0	99.5	6.0	7.0	4.0	2086.0	4.0	4.0	1.0	2.0	0.0	1.0	5.0	1.0	3
1.0	3.0	3.0	100.0	3.0	7.0	4.0	356.0	6.0	6.0	19.0	2.0	1.0	40.0	7.0	0.0	2
2.0	7.0	3.0	99.4	3.0	3.0	4.0	102.0	4.0	1.0	3.0	3.0	1.0	40.0	7.0	0.0	1
1.0	2.0	1.0	99.4	6.0	1.0	4.0	1203.0	4.0	3.0	0.0	1.0	1.0	40.0	7.0	1.0	12
2.0	4.0	3.0	99.3	5.0	7.0	6.0	982.0	1.0	1.0	19.0	2.0	1.0	35.0	7.0	0.0	6
1.0	5.0	3.0	100.0	3.0	7.0	5.0	110.0	3.0	3.0	1.0	3.0	0.0	1.0	5.0	0.0	1
6.0	2.0	1.0	99.0	3.0	1.0	4.0	1485.0	1.0	7.0	22.0	2.0	1.0	40.0	7.0	0.0	17
2.0	4.0	3.0	99.4	5.0	7.0	5.0	403.0	5.0	5.0	2.0	1.0	1.0	40.0	7.0	1.0	3
1.0	3.0	3.0	99.7	3.0	5.0	6.0	805.0	4.0	6.0	22.0	1.0	0.0	1.0	5.0	0.0	2
2.0	2.0	1.0	100.0	3.0	3.0	3.0	580.0	7.0	4.0	22.0	1.0	0.0	1.0	7.0	1.0	15
1.0	5.0	3.0	100.0	3.0	7.0	5.0	930.0	1.0	1.0	1.0	2.0	1.0	249.0	7.0	0.0	1
6.0	2.0	1.0	66.7	1.0	7.0	4.0	382.0	5.0	5.0	12.0	2.0	0.0	1.0	7.0	0.0	14
2.0	1.0	1.0	98.8	3.0	7.0	3.0	229.0	2.0	2.0	1.0	3.0	1.0	40.0	7.0	0.0	6
6.0	2.0	1.0	99.4	7.0	1.0	3.0	1741.0	4.0	3.0	18.0	1.0	1.0	249.0	7.0	1.0	15
1.0	3.0	3.0	99.6	4.0	3.0	9.0	1433.0	1.0	5.0	17.0	1.0	0.0	1.0	5.0	0.0	2
1.0	6.0	3.0	99.0	10.0	3.0	4.0	7701.0	1.0	5.0	20.0	3.0	0.0	1.0	3.0	1.0	1
2.0	1.0	1.0	100.0	1.0	3.0	3.0	221.0	1.0	5.0	22.0	2.0	0.0	1.0	3.0	0.0	7
2.0	4.0	3.0	100.0	2.0	3.0	6.0	406.0	5.0	2.0	7.0	2.0	0.0	1.0	5.0	0.0	7
1.0	2.0	1.0	99.4	6.0	1.0	5.0	1164.0	3.0	2.0	2.0	1.0	1.0	40.0	7.0	1.0	12
2.0	4.0	3.0	100.0	3.0	7.0	4.0	146.0	5.0	5.0	21.0	1.0	0.0	1.0	7.0	1.0	6
2.0	3.0	3.0	100.0	5.0	3.0	12.0	665.0	1.0	5.0	23.0	1.0	1.0	33.0	7.0	1.0	10
2.0	4.0	3.0	99.4	11.0	3.0	3.0	4316.0	7.0	4.0	4.0	1.0	0.0	1.0	5.0	1.0	6
2.0	2.0	1.0	100.0	2.0	1.0	5.0	379.0	6.0	5.0	20.0	2.0	0.0	1.0	5.0	0.0	15
2.0	4.0	3.0	100.0	0.0	5.0	4.0	135.0	2.0	4.0	18.0	2.0	1.0	32.0	7.0	0.0	6
2.0	2.0	1.0	100.0	1.0	7.0	11.0	271.0	2.0	2.0	18.0	2.0	0.0	249.0	3.0	1.0	21
2.0	4.0	3.0	99.2	6.0	3.0	4.0	647.0	4.0	1.0	20.0	3.0	1.0	40.0	7.0	1.0	7
2.0	4.0	3.0	100.0	1.0	7.0	6.0	1568.0	2.0	2.0	0.0	1.0	0.0	1.0	3.0	1.0	8
2.0	3.0	3.0	100.0	1.0	7.0	4.0	83.0	6.0	6.0	4.0	2.0	1.0	40.0	7.0	0.0	5
6.0	1.0	1.0	99.7	10.0	7.0	9.0	5521.0	4.0	4.0	18.0	1.0	1.0	4.0	7.0	1.0	7
2.0	4.0	3.0	97.5	2.0	1.0	4.0	237.0	4.0	3.0	0.0	2.0	0.0	1.0	7.0	0.0	6
2.0	4.0	3.0	99.7	10.0	7.0	11.0	4936.0	4.0	4.0	19.0	1.0	1.0	4.0	7.0	1.0	5
2.0	4.0	3.0	100.0	1.0	3.0	12.0	588.0	3.0	7.0	22.0	3.0	0.0	1.0	3.0	0.0	7
1.0	3.0	3.0	100.0	3.0	7.0	4.0	5060.0	4.0	4.0	0.0	1.0	0.0	1.0	7.0	1.0	3
2.0	4.0	3.0	99.4	11.0	1.0	3.0	4308.0	2.0	1.0	1.0	1.0	0.0	1.0	5.0	1.0	5
2.0	3.0	3.0	99.3	7.0	3.0	5.0	586.0	1.0	5.0	20.0	2.0	0.0	1.0	3.0	1.0	8
1.0	3.0	3.0	100.0	1.0	7.0	4.0	348.0	2.0	2.0	16.0	1.0	1.0	40.0	7.0	0.0	2
2.0	4.0	3.0	100.0	1.0	7.0	3.0	463.0	2.0	2.0	22.0	2.0	0.0	1.0	5.0	0.0	7
2.0	4.0	3.0	100.0	2.0	3.0	8.0	733.0	5.0	2.0	9.0	3.0	0.0	1.0	7.0	0.0	6
2.0	4.0	3.0	99.5	5.0	7.0	6.0	3958.0	1.0	1.0	17.0	1.0	0.0	1.0	5.0	1.0	5
2.0	4.0	3.0	99.4	11.0	3.0	3.0	4316.0	6.0	3.0	4.0	1.0	0.0	1.0	5.0	1.0	6
2.0	6.0	3.0	99.7	5.0	7.0	7.0	436.0	6.0	6.0	5.0	1.0	0.0	1.0	5.0	1.0	2
1.0	1.0	1.0	99.7	10.0	7.0	7.0	5554.0	4.0	4.0	18.0	1.0	1.0	4.0	7.0	1.0	3
1.0	3.0	0.0	100.0	1.0	7.0	4.0	354.0	7.0	7.0	20.0	2.0	1.0	40.0	7.0	0.0	2
2.0	3.0	3.0	100.0	2.0	1.0	5.0	239.0	1.0	7.0	20.0	2.0	1.0	40.0	7.0	0.0	3
2.0	6.0	3.0	98.0	3.0	7.0	5.0	105.0	7.0	7.0	12.0	3.0	1.0	38.0	7.0	0.0	2
2.0	4.0	3.0	99.4	11.0	3.0	3.0	4316.0	2.0	6.0	4.0	1.0	0.0	1.0	5.0	1.0	6
2.0	4.0	3.0	100.0	3.0	5.0	3.0	103.0	7.0	2.0	23.0	2.0	0.0	1.0	7.0	0.0	7
2.0	5.0	3.0	92.0	3.0	5.0	3.0	332.0	6.0	1.0	17.0	2.0	1.0	40.0	7.0	0.0	1
2.0	4.0	3.0	99.7	10.0	7.0	11.0	4954.0	4.0	4.0	19.0	1.0	1.0	4.0	7.0	1.0	5
2.0	4.0	3.0	100.0	0.0	7.0	3.0	94.0	7.0	7.0	22.0	3.0	0.0	1.0	7.0	0.0	8
1.0	3.0	3.0	98.7	3.0	7.0	9.0	451.0	1.0	1.0	23.0	1.0	1.0	40.0	7.0	0.0	3
2.0	6.0	3.0	98.9	2.0	5.0	7.0	107.0	5.0	7.0	1.0	2.0	1.0	40.0	7.0	1.0	2
2.0	6.0	3.0	100.0	1.0	7.0	5.0	87.0	7.0	7.0	0.0	2.0	1.0	40.0	7.0	0.0	2
2.0	1.0	1.0	100.0	3.0	3.0	7.0	158.0	3.0	7.0	1.0	3.0	0.0	1.0	7.0	1.0	6
1.0	3.0	2.0	100.0	3.0	7.0	6.0	551.0	6.0	6.0	17.0	10.0	0.0	1.0	5.0	0.0	1
1.0	5.0	3.0	100.0	4.0	1.0	4.0	380.0	1.0	7.0	0.0	2.0	0.0	1.0	7.0	0.0	1
2.0	4.0	3.0	95.0	3.0	7.0	5.0	23.0	1.0	1.0	15.0	2.0	0.0	1.0	7.0	0.0	5
2.0	4.0	3.0	100.0	2.0	7.0	5.0	176.0	1.0	1.0	0.0	3.0	1.0	40.0	3.0	0.0	6
1.0	3.0	3.0	99.7	5.0	7.0	8.0	593.0	3.0	3.0	2.0	1.0	0.0	1.0	5.0	0.0	3
1.0	4.0	3.0	100.0	2.0	5.0	4.0	322.0	2.0	4.0	1.0	2.0	0.0	1.0	7.0	0.0	3
4.0	4.0	3.0	99.3	4.0	1.0	5.0	3351.0	2.0	1.0	0.0	1.0	1.0	249.0	7.0	1.0	8
1.0	5.0	3.0	100.0	4.0	1.0	7.0	306.0	1.0	7.0	15.0	1.0	0.0	1.0	5.0	0.0	1
2.0	3.0	3.0	100.0	3.0	3.0	6.0	673.0	1.0	5.0	17.0	2.0	0.0	1.0	7.0	0.0	3
2.0	4.0	3.0	100.0	3.0	3.0	7.0	269.0	3.0	7.0	15.0	2.0	0.0	1.0	5.0	0.0	8
1.0	4.0	3.0	100.0	2.0	7.0	3.0	661.0	2.0	2.0	1.0	2.0	0.0	1.0	5.0	0.0	2
1.0	5.0	3.0	99.8	7.0	7.0	6.0	1123.0	4.0	4.0	2.0	5.0	1.0	40.0	7.0	0.0	1
2.0	3.0	3.0	100.0	1.0	3.0	8.0	897.0	4.0	1.0	2.0	1.0	0.0	1.0	7.0	0.0	9
2.0	7.0	3.0	99.4	3.0	1.0	9.0	646.0	5.0	4.0	21.0	2.0	1.0	40.0	7.0	0.0	3
1.0	3.0	3.0	100.0	0.0	7.0	3.0	408.0	7.0	7.0	22.0	2.0	0.0	1.0	7.0	0.0	2
2.0	1.0	1.0	99.0	5.0	10.0	12.0	1596.0	6.0	3.0	23.0	3.0	1.0	40.0	7.0	1.0	5
2.0	4.0	3.0	99.2	9.0	7.0	5.0	372.0	3.0	3.0	0.0	1.0	1.0	40.0	7.0	0.0	3
2.0	4.0	3.0	75.0	2.0	5.0	8.0	357.0	7.0	2.0	17.0	1.0	1.0	40.0	7.0	0.0	6
3.0	3.0	3.0	100.0	4.0	3.0	6.0	1530.0	7.0	4.0	0.0	2.0	1.0	40.0	7.0	0.0	12
2.0	4.0	3.0	93.1	3.0	7.0	3.0	660.0	2.0	2.0	5.0	3.0	0.0	1.0	7.0	0.0	5
2.0	4.0	3.0	99.7	5.0	3.0	4.0	2750.0	5.0	2.0	18.0	1.0	0.0	1.0	5.0	1.0	7
1.0	5.0	3.0	100.0	3.0	5.0	3.0	609.0	7.0	2.0	22.0	2.0	1.0	40.0	7.0	0.0	1
2.0	4.0	3.0	100.0	0.0	7.0	6.0	293.0	7.0	7.0	20.0	2.0	1.0	40.0	3.0	0.0	8
6.0	2.0	1.0	100.0	2.0	5.0	4.0	137.0	3.0	5.0	2.0	1.0	0.0	1.0	5.0	0.0	16
2.0	4.0	3.0	99.3	5.0	7.0	7.0	1102.0	6.0	6.0	15.0	2.0	1.0	35.0	7.0	0.0	6
1.0	2.0	1.0	99.4	6.0	1.0	5.0	1204.0	3.0	2.0	2.0	1.0	1.0	40.0	7.0	1.0	13
1.0	2.0	1.0	99.3	5.0	3.0	6.0	2146.0	4.0	1.0	20.0	1.0	0.0	1.0	7.0	1.0	12
1.0	4.0	3.0	100.0	3.0	7.0	4.0	55.0	2.0	2.0	4.0	2.0	1.0	40.0	7.0	0.0	3
1.0	1.0	1.0	100.0	5.0	7.0	3.0	450.0	5.0	5.0	1.0	3.0	0.0	249.0	7.0	0.0	2
2.0	4.0	3.0	99.8	8.0	10.0	7.0	1781.0	7.0	4.0	19.0	2.0	0.0	1.0	5.0	1.0	6
2.0	2.0	1.0	100.0	5.0	1.0	5.0	1213.0	5.0	4.0	18.0	1.0	0.0	40.0	7.0	1.0	16
2.0	2.0	1.0	100.0	3.0	1.0	5.0	576.0	4.0	3.0	3.0	2.0	1.0	40.0	7.0	0.0	20
2.0	2.0	1.0	99.3	5.0	3.0	6.0	2146.0	6.0	3.0	18.0	1.0	0.0	1.0	7.0	1.0	12
1.0	4.0	3.0	98.9	5.0	7.0	6.0	93.0	3.0	3.0	16.0	2.0	0.0	1.0	5.0	0.0	2
2.0	4.0	3.0	99.4	11.0	1.0	3.0	4316.0	4.0	3.0	3.0	1.0	0.0	1.0	5.0	1.0	6
2.0	2.0	1.0	99.8	6.0	7.0	12.0	4613.0	5.0	5.0	22.0	1.0	0.0	1.0	5.0	1.0	15
1.0	3.0	3.0	100.0	2.0	3.0	3.0	39.0	3.0	7.0	1.0	2.0	0.0	1.0	7.0	0.0	1
2.0	3.0	3.0	99.8	5.0	5.0	6.0	3013.0	3.0	5.0	20.0	2.0	0.0	1.0	7.0	1.0	4
2.0	4.0	3.0	99.7	8.0	7.0	3.0	203.0	1.0	1.0	15.0	2.0	0.0	1.0	7.0	0.0	6
2.0	5.0	3.0	100.0	5.0	1.0	5.0	477.0	3.0	2.0	4.0	3.0	1.0	19.0	7.0	0.0	2
2.0	4.0	3.0	100.0	1.0	3.0	12.0	588.0	2.0	6.0	3.0	3.0	0.0	1.0	3.0	0.0	9
6.0	2.0	1.0	100.0	1.0	3.0	6.0	493.0	2.0	6.0	2.0	2.0	0.0	1.0	7.0	0.0	16
2.0	4.0	3.0	99.4	11.0	1.0	3.0	4308.0	4.0	3.0	1.0	1.0	0.0	1.0	5.0	1.0	6
1.0	2.0	1.0	99.3	5.0	3.0	6.0	2209.0	1.0	5.0	18.0	1.0	0.0	1.0	7.0	1.0	12
2.0	1.0	1.0	100.0	1.0	1.0	5.0	174.0	3.0	2.0	4.0	2.0	0.0	1.0	5.0	0.0	6
1.0	3.0	3.0	93.3	2.0	1.0	4.0	183.0	7.0	6.0	17.0	2.0	1.0	3.0	7.0	0.0	2
1.0	4.0	3.0	100.0	1.0	7.0	6.0	502.0	2.0	2.0	23.0	5.0	0.0	1.0	5.0	0.0	4
2.0	1.0	1.0	98.8	9.0	7.0	5.0	2652.0	6.0	6.0	14.0	1.0	0.0	1.0	5.0	1.0	4
1.0	6.0	3.0	100.0	2.0	7.0	6.0	373.0	5.0	5.0	16.0	2.0	0.0	1.0	7.0	0.0	1
2.0	7.0	3.0	99.9	5.0	5.0	5.0	814.0	3.0	5.0	19.0	1.0	1.0	40.0	7.0	1.0	1
2.0	4.0	3.0	99.4	11.0	3.0	4.0	4972.0	1.0	5.0	3.0	1.0	0.0	1.0	5.0	1.0	7
2.0	2.0	1.0	100.0	2.0	3.0	3.0	353.0	6.0	3.0	0.0	1.0	0.0	1.0	5.0	0.0	16
6.0	4.0	3.0	100.0	2.0	7.0	4.0	123.0	4.0	4.0	17.0	2.0	1.0	40.0	7.0	0.0	13
2.0	2.0	1.0	100.0	3.0	3.0	5.0	235.0	3.0	7.0	23.0	2.0	0.0	1.0	7.0	0.0	16
2.0	4.0	3.0	96.1	3.0	3.0	3.0	241.0	5.0	2.0	4.0	3.0	1.0	40.0	7.0	0.0	6
2.0	4.0	3.0	100.0	1.0	7.0	6.0	417.0	2.0	2.0	0.0	2.0	1.0	40.0	3.0	0.0	6
2.0	4.0	3.0	100.0	0.0	5.0	4.0	657.0	7.0	2.0	22.0	2.0	0.0	1.0	5.0	0.0	7
2.0	4.0	3.0	90.6	1.0	3.0	6.0	411.0	2.0	6.0	8.0	2.0	1.0	40.0	7.0	0.0	7
2.0	3.0	3.0	100.0	3.0	7.0	4.0	248.0	1.0	1.0	0.0	1.0	0.0	1.0	5.0	0.0	8
2.0	4.0	3.0	99.4	11.0	3.0	4.0	4972.0	7.0	4.0	3.0	1.0	0.0	1.0	5.0	1.0	7
1.0	4.0	3.0	99.7	6.0	5.0	7.0	1717.0	5.0	7.0	4.0	3.0	0.0	1.0	3.0	0.0	5
4.0	2.0	1.0	93.8	1.0	3.0	3.0	807.0	4.0	1.0	17.0	2.0	0.0	1.0	7.0	0.0	14
6.0	2.0	1.0	100.0	3.0	7.0	5.0	199.0	1.0	1.0	1.0	1.0	1.0	40.0	7.0	0.0	16
2.0	3.0	3.0	0.0	0.0	7.0	3.0	115.0	5.0	5.0	17.0	3.0	0.0	1.0	7.0	0.0	4
2.0	4.0	3.0	99.4	11.0	3.0	4.0	4972.0	3.0	7.0	3.0	1.0	0.0	1.0	5.0	1.0	7
6.0	2.0	1.0	100.0	7.0	7.0	3.0	1105.0	5.0	5.0	2.0	1.0	0.0	5.0	7.0	1.0	17
2.0	4.0	3.0	98.4	3.0	7.0	8.0	264.0	7.0	7.0	15.0	2.0	0.0	1.0	7.0	0.0	7
2.0	4.0	3.0	100.0	3.0	5.0	10.0	225.0	6.0	1.0	16.0	1.0	1.0	40.0	7.0	0.0	7
1.0	2.0	1.0	99.4	6.0	1.0	5.0	1163.0	4.0	3.0	2.0	1.0	1.0	40.0	7.0	1.0	16
2.0	4.0	3.0	100.0	3.0	5.0	9.0	392.0	4.0	6.0	22.0	2.0	0.0	1.0	5.0	0.0	8
1.0	2.0	1.0	100.0	1.0	3.0	3.0	397.0	1.0	5.0	11.0	2.0	1.0	40.0	7.0	0.0	11
2.0	3.0	3.0	99.6	5.0	3.0	3.0	903.0	5.0	2.0	23.0	1.0	0.0	1.0	3.0	0.0	5
2.0	4.0	3.0	99.4	11.0	1.0	3.0	4308.0	7.0	6.0	1.0	1.0	0.0	1.0	5.0	1.0	5
1.0	4.0	3.0	100.0	0.0	3.0	4.0	496.0	2.0	6.0	18.0	2.0	1.0	40.0	7.0	0.0	43
1.0	2.0	1.0	100.0	5.0	1.0	5.0	1344.0	1.0	7.0	20.0	1.0	1.0	40.0	7.0	0.0	9
2.0	4.0	3.0	100.0	5.0	7.0	3.0	296.0	2.0	2.0	21.0	1.0	1.0	40.0	7.0	1.0	6
2.0	4.0	3.0	99.4	11.0	1.0	3.0	4308.0	6.0	5.0	2.0	1.0	0.0	1.0	5.0	1.0	5
2.0	7.0	3.0	100.0	1.0	7.0	4.0	113.0	3.0	3.0	23.0	2.0	1.0	40.0	7.0	0.0	1
1.0	4.0	3.0	99.1	6.0	7.0	11.0	4016.0	5.0	5.0	16.0	1.0	0.0	1.0	5.0	0.0	5
2.0	2.0	1.0	100.0	0.0	3.0	7.0	211.0	5.0	2.0	20.0	2.0	0.0	1.0	7.0	0.0	15
2.0	2.0	1.0	100.0	8.0	7.0	7.0	5043.0	3.0	3.0	0.0	1.0	0.0	249.0	7.0	1.0	21
1.0	2.0	1.0	99.4	6.0	1.0	5.0	1163.0	6.0	5.0	1.0	1.0	1.0	40.0	7.0	1.0	12
2.0	3.0	3.0	99.5	9.0	7.0	3.0	3192.0	3.0	3.0	16.0	1.0	0.0	1.0	3.0	1.0	4
2.0	2.0	1.0	100.0	3.0	7.0	4.0	402.0	3.0	3.0	23.0	3.0	0.0	1.0	3.0	0.0	19
1.0	1.0	1.0	99.4	3.0	7.0	6.0	456.0	1.0	1.0	18.0	1.0	0.0	1.0	7.0	0.0	3
1.0	5.0	3.0	100.0	1.0	1.0	4.0	160.0	6.0	5.0	13.0	3.0	1.0	40.0	7.0	0.0	1
6.0	1.0	1.0	100.0	3.0	5.0	3.0	2522.0	1.0	3.0	0.0	3.0	0.0	249.0	3.0	1.0	10
1.0	6.0	3.0	100.0	3.0	7.0	3.0	171.0	1.0	1.0	22.0	2.0	1.0	40.0	7.0	0.0	2
2.0	4.0	3.0	100.0	3.0	1.0	9.0	608.0	3.0	2.0	13.0	2.0	1.0	40.0	7.0	0.0	8
2.0	2.0	1.0	100.0	5.0	3.0	3.0	122.0	2.0	6.0	22.0	1.0	1.0	40.0	7.0	1.0	15
2.0	4.0	3.0	100.0	3.0	5.0	10.0	278.0	6.0	1.0	14.0	1.0	1.0	40.0	7.0	1.0	7
2.0	1.0	1.0	100.0	3.0	7.0	7.0	302.0	5.0	5.0	20.0	2.0	0.0	1.0	3.0	0.0	5
6.0	4.0	3.0	100.0	3.0	7.0	9.0	103.0	1.0	1.0	18.0	2.0	1.0	249.0	3.0	0.0	12
1.0	7.0	3.0	100.0	3.0	7.0	12.0	245.0	5.0	5.0	0.0	2.0	1.0	40.0	7.0	0.0	1
1.0	4.0	3.0	100.0	2.0	3.0	4.0	76.0	5.0	2.0	1.0	1.0	1.0	40.0	7.0	0.0	1
2.0	6.0	3.0	100.0	1.0	7.0	8.0	101.0	7.0	7.0	19.0	2.0	0.0	1.0	7.0	0.0	2
2.0	2.0	1.0	99.0	3.0	7.0	8.0	660.0	3.0	3.0	14.0	1.0	0.0	1.0	3.0	1.0	16
2.0	4.0	3.0	99.4	11.0	1.0	3.0	4308.0	7.0	6.0	2.0	1.0	0.0	1.0	5.0	1.0	6
1.0	3.0	3.0	99.3	6.0	10.0	11.0	1014.0	2.0	6.0	16.0	3.0	0.0	1.0	5.0	0.0	2
2.0	4.0	3.0	100.0	3.0	7.0	12.0	1625.0	2.0	2.0	2.0	2.0	0.0	1.0	5.0	0.0	6
2.0	4.0	3.0	100.0	3.0	7.0	5.0	5039.0	3.0	3.0	0.0	2.0	0.0	1.0	5.0	0.0	7
2.0	2.0	1.0	100.0	3.0	1.0	10.0	897.0	3.0	2.0	5.0	3.0	1.0	40.0	7.0	1.0	14
2.0	4.0	3.0	100.0	2.0	3.0	6.0	221.0	7.0	4.0	22.0	2.0	0.0	1.0	7.0	0.0	5
2.0	4.0	3.0	99.4	11.0	1.0	3.0	4316.0	6.0	5.0	1.0	1.0	0.0	1.0	5.0	1.0	6
1.0	4.0	3.0	97.6	2.0	7.0	4.0	128.0	5.0	5.0	17.0	2.0	0.0	1.0	5.0	0.0	5
2.0	5.0	3.0	100.0	2.0	7.0	11.0	296.0	3.0	3.0	18.0	2.0	0.0	1.0	7.0	1.0	1
2.0	4.0	3.0	99.4	11.0	3.0	3.0	4432.0	5.0	2.0	23.0	1.0	0.0	1.0	5.0	1.0	5
2.0	4.0	3.0	97.2	4.0	3.0	3.0	301.0	4.0	1.0	19.0	2.0	1.0	40.0	7.0	0.0	7
1.0	2.0	1.0	99.4	6.0	1.0	4.0	1203.0	2.0	1.0	23.0	1.0	1.0	40.0	7.0	1.0	14
1.0	4.0	3.0	99.1	6.0	7.0	9.0	4100.0	2.0	2.0	22.0	1.0	0.0	1.0	5.0	0.0	5
1.0	3.0	3.0	99.1	6.0	7.0	8.0	3896.0	3.0	3.0	23.0	1.0	0.0	1.0	5.0	0.0	1
2.0	2.0	1.0	99.3	5.0	3.0	6.0	2146.0	5.0	2.0	21.0	1.0	0.0	1.0	7.0	1.0	13
2.0	3.0	3.0	100.0	3.0	7.0	4.0	69.0	2.0	2.0	18.0	2.0	0.0	249.0	5.0	0.0	6
1.0	3.0	3.0	100.0	0.0	7.0	5.0	206.0	3.0	3.0	0.0	2.0	0.0	1.0	7.0	0.0	1
1.0	3.0	3.0	98.4	4.0	7.0	6.0	3032.0	1.0	1.0	20.0	3.0	1.0	249.0	7.0	0.0	2
1.0	3.0	3.0	100.0	2.0	3.0	6.0	381.0	5.0	2.0	21.0	1.0	0.0	1.0	5.0	0.0	1
2.0	2.0	1.0	99.3	5.0	7.0	9.0	2864.0	4.0	4.0	19.0	3.0	1.0	40.0	7.0	0.0	15
2.0	2.0	1.0	100.0	2.0	3.0	9.0	719.0	7.0	4.0	14.0	2.0	0.0	1.0	5.0	0.0	19
2.0	4.0	3.0	99.7	7.0	7.0	6.0	5089.0	5.0	5.0	15.0	1.0	0.0	1.0	5.0	0.0	4
1.0	3.0	3.0	100.0	3.0	7.0	6.0	283.0	7.0	7.0	0.0	1.0	1.0	40.0	7.0	0.0	2
2.0	4.0	0.0	98.8	3.0	7.0	5.0	220.0	6.0	6.0	17.0	1.0	0.0	1.0	7.0	1.0	5
2.0	3.0	3.0	99.1	6.0	7.0	9.0	4398.0	5.0	5.0	23.0	1.0	0.0	1.0	5.0	0.0	4
2.0	4.0	3.0	100.0	3.0	5.0	11.0	430.0	6.0	1.0	15.0	1.0	1.0	40.0	7.0	1.0	6
2.0	4.0	3.0	100.0	2.0	3.0	4.0	238.0	1.0	5.0	1.0	2.0	1.0	40.0	7.0	0.0	6
2.0	5.0	3.0	95.2	3.0	1.0	3.0	989.0	1.0	7.0	2.0	0.0	1.0	249.0	7.0	1.0	2
2.0	4.0	3.0	99.7	10.0	7.0	10.0	4951.0	4.0	4.0	19.0	1.0	1.0	4.0	7.0	1.0	8
2.0	5.0	3.0	100.0	1.0	7.0	6.0	782.0	4.0	4.0	1.0	1.0	0.0	1.0	7.0	0.0	2
2.0	4.0	3.0	99.7	5.0	3.0	7.0	2739.0	1.0	5.0	18.0	1.0	0.0	1.0	5.0	1.0	6
1.0	6.0	3.0	99.0	10.0	3.0	4.0	7727.0	1.0	5.0	18.0	3.0	0.0	1.0	3.0	1.0	1
1.0	5.0	3.0	100.0	1.0	5.0	6.0	287.0	1.0	3.0	0.0	2.0	1.0	40.0	7.0	0.0	1
1.0	4.0	3.0	99.4	6.0	1.0	3.0	1174.0	1.0	7.0	4.0	1.0	1.0	40.0	7.0	1.0	4
1.0	3.0	3.0	100.0	1.0	1.0	3.0	118.0	2.0	1.0	13.0	2.0	0.0	1.0	5.0	0.0	2
2.0	4.0	3.0	100.0	3.0	3.0	12.0	1233.0	4.0	1.0	17.0	3.0	1.0	2.0	7.0	0.0	8
1.0	5.0	3.0	98.1	2.0	7.0	6.0	28.0	3.0	3.0	1.0	3.0	0.0	1.0	5.0	0.0	1
2.0	4.0	3.0	100.0	0.0	7.0	5.0	890.0	7.0	7.0	20.0	2.0	0.0	1.0	7.0	0.0	10
2.0	6.0	3.0	100.0	1.0	3.0	3.0	347.0	6.0	3.0	0.0	2.0	0.0	1.0	3.0	0.0	3
2.0	2.0	1.0	100.0	1.0	3.0	3.0	273.0	2.0	6.0	0.0	2.0	0.0	1.0	5.0	0.0	15
2.0	1.0	1.0	99.2	7.0	7.0	5.0	5665.0	1.0	1.0	1.0	3.0	1.0	40.0	7.0	1.0	5
2.0	4.0	3.0	0.0	0.0	7.0	3.0	96.0	5.0	5.0	0.0	2.0	0.0	1.0	7.0	0.0	5
2.0	5.0	3.0	100.0	2.0	1.0	5.0	407.0	2.0	1.0	23.0	2.0	1.0	249.0	7.0	0.0	2
2.0	2.0	1.0	99.4	7.0	7.0	7.0	2475.0	1.0	1.0	1.0	1.0	1.0	249.0	7.0	1.0	16
1.0	6.0	3.0	100.0	5.0	7.0	4.0	2816.0	3.0	3.0	0.0	1.0	0.0	2.0	7.0	0.0	1
2.0	2.0	1.0	99.3	5.0	3.0	6.0	2146.0	4.0	1.0	20.0	1.0	0.0	1.0	7.0	1.0	12
1.0	6.0	3.0	99.0	10.0	3.0	4.0	7703.0	1.0	5.0	4.0	3.0	0.0	1.0	3.0	1.0	1
2.0	3.0	3.0	99.3	6.0	3.0	4.0	13027.0	1.0	5.0	15.0	2.0	1.0	40.0	7.0	1.0	5
2.0	4.0	3.0	100.0	1.0	7.0	4.0	345.0	1.0	1.0	3.0	2.0	0.0	1.0	7.0	0.0	7
6.0	2.0	1.0	99.0	3.0	1.0	4.0	1485.0	7.0	6.0	22.0	2.0	1.0	40.0	7.0	0.0	17
1.0	4.0	3.0	100.0	4.0	1.0	10.0	1395.0	3.0	2.0	0.0	1.0	0.0	1.0	5.0	1.0	3
1.0	5.0	3.0	100.0	3.0	7.0	5.0	192.0	1.0	1.0	21.0	3.0	0.0	1.0	5.0	0.0	1
2.0	3.0	3.0	100.0	1.0	7.0	7.0	254.0	3.0	3.0	21.0	2.0	0.0	1.0	7.0	0.0	5
2.0	4.0	3.0	99.4	11.0	1.0	3.0	4316.0	7.0	6.0	3.0	1.0	0.0	1.0	5.0	1.0	6
2.0	4.0	3.0	100.0	2.0	7.0	5.0	93.0	1.0	1.0	16.0	2.0	1.0	40.0	7.0	0.0	7
2.0	3.0	3.0	100.0	2.0	3.0	6.0	766.0	3.0	7.0	1.0	2.0	0.0	1.0	5.0	0.0	8
4.0	4.0	3.0	99.3	4.0	1.0	5.0	3351.0	4.0	3.0	1.0	1.0	1.0	249.0	7.0	1.0	8
2.0	4.0	3.0	99.4	11.0	3.0	3.0	4286.0	2.0	6.0	3.0	1.0	0.0	1.0	5.0	1.0	5
1.0	6.0	3.0	99.0	10.0	3.0	3.0	7725.0	7.0	4.0	4.0	3.0	0.0	1.0	3.0	1.0	1
2.0	6.0	3.0	97.8	3.0	7.0	3.0	59.0	2.0	2.0	21.0	2.0	1.0	40.0	7.0	1.0	3
2.0	6.0	3.0	100.0	0.0	7.0	6.0	166.0	3.0	3.0	1.0	3.0	0.0	1.0	7.0	0.0	2
2.0	6.0	3.0	99.7	3.0	5.0	4.0	331.0	4.0	6.0	20.0	3.0	1.0	40.0	7.0	0.0	3
1.0	6.0	3.0	99.0	10.0	3.0	4.0	7689.0	7.0	4.0	18.0	3.0	0.0	1.0	3.0	1.0	1
2.0	3.0	3.0	96.4	3.0	7.0	8.0	276.0	4.0	4.0	3.0	2.0	1.0	40.0	7.0	0.0	10
2.0	2.0	1.0	99.0	3.0	7.0	8.0	660.0	2.0	2.0	18.0	1.0	0.0	1.0	3.0	1.0	15
2.0	2.0	1.0	99.5	7.0	5.0	4.0	6083.0	6.0	1.0	13.0	3.0	0.0	1.0	3.0	1.0	15
2.0	4.0	3.0	99.4	11.0	1.0	3.0	4316.0	6.0	5.0	3.0	1.0	0.0	1.0	5.0	1.0	6
2.0	4.0	3.0	100.0	0.0	7.0	9.0	459.0	3.0	3.0	5.0	2.0	0.0	1.0	3.0	0.0	9
2.0	6.0	3.0	100.0	1.0	5.0	8.0	169.0	2.0	4.0	0.0	2.0	0.0	1.0	7.0	0.0	2
2.0	2.0	1.0	100.0	1.0	7.0	7.0	464.0	1.0	1.0	1.0	2.0	0.0	1.0	7.0	0.0	15
2.0	6.0	3.0	100.0	2.0	7.0	3.0	231.0	1.0	1.0	6.0	3.0	1.0	38.0	7.0	0.0	1
2.0	5.0	3.0	100.0	3.0	1.0	8.0	298.0	2.0	1.0	18.0	2.0	0.0	1.0	5.0	0.0	1
1.0	2.0	1.0	99.3	5.0	5.0	6.0	2146.0	6.0	1.0	21.0	1.0	0.0	1.0	7.0	1.0	11
2.0	2.0	1.0	100.0	1.0	3.0	4.0	939.0	1.0	5.0	22.0	1.0	0.0	1.0	5.0	0.0	17
2.0	2.0	1.0	99.8	8.0	7.0	12.0	1644.0	2.0	2.0	2.0	2.0	0.0	1.0	5.0	1.0	14
2.0	6.0	3.0	100.0	3.0	3.0	3.0	421.0	1.0	5.0	1.0	2.0	1.0	40.0	7.0	0.0	2
1.0	3.0	3.0	99.4	5.0	7.0	12.0	5455.0	1.0	1.0	1.0	1.0	0.0	249.0	7.0	1.0	1
2.0	4.0	3.0	99.4	11.0	3.0	3.0	4316.0	4.0	1.0	4.0	1.0	0.0	1.0	5.0	1.0	4
2.0	3.0	3.0	100.0	5.0	3.0	5.0	2371.0	2.0	6.0	1.0	1.0	0.0	1.0	5.0	1.0	2
1.0	4.0	3.0	98.4	2.0	1.0	3.0	204.0	3.0	2.0	14.0	2.0	1.0	40.0	7.0	1.0	3
2.0	3.0	3.0	0.0	0.0	5.0	5.0	272.0	6.0	1.0	18.0	2.0	0.0	1.0	3.0	0.0	5
6.0	6.0	3.0	100.0	3.0	5.0	3.0	156.0	1.0	3.0	20.0	2.0	1.0	40.0	7.0	0.0	2
2.0	4.0	3.0	88.9	0.0	7.0	5.0	97.0	4.0	4.0	21.0	2.0	0.0	1.0	5.0	0.0	6
2.0	2.0	1.0	100.0	3.0	1.0	3.0	61.0	3.0	2.0	1.0	2.0	1.0	40.0	3.0	0.0	15
1.0	3.0	3.0	100.0	10.0	3.0	4.0	5594.0	2.0	6.0	1.0	3.0	0.0	1.0	7.0	1.0	2
2.0	4.0	3.0	99.4	11.0	1.0	3.0	4308.0	5.0	4.0	1.0	1.0	0.0	1.0	5.0	1.0	6
6.0	2.0	1.0	0.0	1.0	1.0	5.0	392.0	1.0	7.0	7.0	2.0	0.0	1.0	7.0	0.0	13
1.0	6.0	3.0	99.0	10.0	3.0	4.0	7687.0	7.0	4.0	20.0	3.0	0.0	1.0	3.0	1.0	1
1.0	4.0	3.0	100.0	7.0	5.0	5.0	1193.0	1.0	3.0	14.0	3.0	1.0	40.0	7.0	0.0	4
2.0	3.0	3.0	100.0	2.0	5.0	7.0	256.0	4.0	6.0	4.0	2.0	0.0	1.0	5.0	0.0	7
2.0	2.0	1.0	99.3	5.0	7.0	4.0	2182.0	3.0	3.0	23.0	1.0	0.0	1.0	7.0	1.0	11
6.0	2.0	1.0	100.0	0.0	3.0	3.0	553.0	2.0	6.0	0.0	3.0	1.0	40.0	7.0	0.0	18
2.0	2.0	1.0	98.7	2.0	7.0	3.0	545.0	7.0	7.0	17.0	2.0	0.0	1.0	3.0	0.0	20
2.0	3.0	3.0	100.0	1.0	1.0	7.0	23.0	1.0	7.0	13.0	3.0	0.0	1.0	5.0	0.0	6
2.0	1.0	1.0	98.8	9.0	7.0	10.0	3002.0	2.0	2.0	3.0	1.0	0.0	1.0	5.0	1.0	5
2.0	5.0	3.0	100.0	3.0	7.0	3.0	359.0	5.0	5.0	16.0	2.0	0.0	1.0	5.0	0.0	2
2.0	4.0	3.0	99.4	11.0	1.0	3.0	4308.0	2.0	1.0	2.0	1.0	0.0	1.0	5.0	1.0	5
2.0	1.0	1.0	100.0	2.0	5.0	9.0	441.0	5.0	7.0	21.0	3.0	1.0	40.0	7.0	0.0	5
2.0	4.0	3.0	99.4	11.0	3.0	3.0	4316.0	6.0	3.0	4.0	1.0	0.0	1.0	5.0	1.0	6
2.0	3.0	3.0	99.3	6.0	5.0	6.0	12032.0	1.0	3.0	19.0	1.0	1.0	40.0	7.0	1.0	5
6.0	2.0	1.0	100.0	0.0	7.0	5.0	229.0	3.0	3.0	16.0	2.0	0.0	1.0	7.0	0.0	17
2.0	6.0	2.0	100.0	3.0	3.0	3.0	252.0	4.0	1.0	1.0	1.0	1.0	40.0	7.0	0.0	2
1.0	3.0	3.0	100.0	1.0	3.0	3.0	4.0	6.0	3.0	0.0	2.0	0.0	1.0	7.0	0.0	1
2.0	4.0	3.0	100.0	2.0	5.0	4.0	616.0	2.0	4.0	2.0	2.0	0.0	1.0	3.0	0.0	8
2.0	2.0	1.0	100.0	0.0	10.0	4.0	455.0	5.0	2.0	19.0	5.0	0.0	1.0	7.0	0.0	19
2.0	4.0	3.0	100.0	3.0	5.0	9.0	333.0	6.0	1.0	2.0	1.0	0.0	1.0	7.0	0.0	7
2.0	4.0	3.0	96.8	1.0	3.0	5.0	215.0	5.0	2.0	1.0	1.0	1.0	40.0	7.0	0.0	4
2.0	6.0	3.0	100.0	3.0	3.0	8.0	317.0	4.0	1.0	23.0	1.0	1.0	40.0	3.0	1.0	3
1.0	3.0	3.0	100.0	1.0	7.0	3.0	725.0	2.0	2.0	15.0	2.0	1.0	249.0	7.0	0.0	2
2.0	4.0	3.0	100.0	4.0	1.0	7.0	1682.0	7.0	6.0	17.0	1.0	0.0	1.0	5.0	1.0	6
2.0	4.0	3.0	100.0	3.0	3.0	4.0	484.0	1.0	5.0	17.0	1.0	1.0	3.0	7.0	1.0	7
1.0	3.0	3.0	100.0	3.0	3.0	4.0	695.0	7.0	4.0	1.0	2.0	0.0	1.0	7.0	0.0	1
2.0	4.0	3.0	100.0	1.0	5.0	5.0	483.0	2.0	4.0	2.0	2.0	0.0	1.0	7.0	0.0	6
1.0	4.0	3.0	100.0	1.0	7.0	5.0	172.0	7.0	7.0	21.0	2.0	1.0	40.0	7.0	0.0	3
4.0	4.0	3.0	99.3	4.0	1.0	5.0	3351.0	3.0	2.0	1.0	1.0	1.0	249.0	7.0	1.0	6
2.0	4.0	3.0	99.7	4.0	7.0	4.0	437.0	2.0	2.0	20.0	1.0	1.0	40.0	7.0	1.0	8
2.0	4.0	3.0	100.0	0.0	5.0	6.0	116.0	7.0	2.0	4.0	2.0	1.0	249.0	7.0	0.0	7
1.0	6.0	3.0	99.0	10.0	3.0	4.0	7727.0	1.0	5.0	17.0	3.0	0.0	1.0	3.0	1.0	1
2.0	4.0	3.0	99.2	5.0	7.0	4.0	389.0	3.0	3.0	3.0	3.0	0.0	249.0	7.0	0.0	6
2.0	2.0	1.0	100.0	1.0	3.0	4.0	245.0	1.0	5.0	17.0	3.0	1.0	40.0	7.0	0.0	7
2.0	2.0	1.0	99.4	7.0	7.0	4.0	2390.0	6.0	6.0	16.0	1.0	1.0	249.0	7.0	1.0	17
2.0	3.0	3.0	100.0	1.0	7.0	10.0	637.0	1.0	1.0	4.0	3.0	0.0	1.0	7.0	1.0	6
1.0	4.0	3.0	100.0	3.0	5.0	4.0	77.0	5.0	7.0	21.0	2.0	0.0	1.0	5.0	1.0	6
2.0	3.0	3.0	100.0	5.0	7.0	4.0	714.0	3.0	3.0	2.0	1.0	1.0	40.0	7.0	1.0	4
1.0	3.0	3.0	98.7	3.0	3.0	10.0	408.0	6.0	3.0	22.0	1.0	1.0	40.0	7.0	1.0	2
2.0	6.0	3.0	100.0	3.0	7.0	6.0	192.0	1.0	1.0	20.0	2.0	0.0	1.0	5.0	0.0	2
1.0	6.0	3.0	99.0	10.0	3.0	4.0	7673.0	1.0	5.0	3.0	3.0	0.0	1.0	3.0	1.0	1
1.0	3.0	3.0	99.6	3.0	7.0	6.0	151.0	5.0	5.0	18.0	2.0	0.0	1.0	5.0	0.0	1
2.0	3.0	3.0	99.5	5.0	7.0	6.0	264.0	5.0	5.0	23.0	1.0	1.0	40.0	7.0	0.0	5
6.0	2.0	1.0	96.9	3.0	7.0	5.0	139.0	6.0	6.0	22.0	1.0	1.0	40.0	7.0	1.0	14
1.0	3.0	3.0	100.0	3.0	5.0	4.0	591.0	4.0	6.0	17.0	2.0	0.0	1.0	5.0	0.0	1
1.0	2.0	1.0	100.0	3.0	7.0	3.0	23.0	4.0	4.0	1.0	2.0	0.0	1.0	5.0	0.0	6
1.0	2.0	1.0	99.3	5.0	5.0	6.0	2146.0	7.0	2.0	20.0	1.0	0.0	1.0	7.0	1.0	12
2.0	5.0	3.0	99.5	5.0	3.0	8.0	205.0	1.0	5.0	2.0	1.0	1.0	40.0	7.0	1.0	1
2.0	4.0	3.0	99.1	8.0	5.0	5.0	9326.0	3.0	5.0	20.0	1.0	0.0	1.0	7.0	1.0	4
2.0	5.0	3.0	100.0	2.0	7.0	3.0	23.0	5.0	5.0	2.0	2.0	1.0	40.0	7.0	0.0	2
2.0	3.0	3.0	99.8	8.0	7.0	12.0	1624.0	5.0	5.0	2.0	2.0	0.0	1.0	5.0	1.0	4
6.0	2.0	1.0	100.0	1.0	3.0	6.0	379.0	5.0	2.0	2.0	2.0	0.0	1.0	7.0	0.0	16
2.0	2.0	1.0	100.0	2.0	3.0	8.0	626.0	4.0	1.0	23.0	2.0	1.0	40.0	7.0	0.0	15
2.0	4.0	3.0	99.9	5.0	7.0	8.0	3288.0	6.0	6.0	15.0	1.0	0.0	1.0	7.0	1.0	7
2.0	6.0	3.0	100.0	1.0	7.0	4.0	408.0	4.0	4.0	1.0	2.0	1.0	40.0	7.0	0.0	1
2.0	4.0	3.0	99.7	5.0	3.0	6.0	2778.0	1.0	5.0	18.0	1.0	0.0	1.0	5.0	1.0	8
2.0	4.0	3.0	99.4	11.0	3.0	3.0	4286.0	1.0	5.0	4.0	1.0	0.0	1.0	5.0	1.0	5
2.0	4.0	3.0	100.0	1.0	7.0	3.0	371.0	5.0	5.0	17.0	2.0	0.0	1.0	7.0	0.0	6
2.0	4.0	3.0	100.0	3.0	7.0	5.0	196.0	1.0	1.0	0.0	2.0	0.0	1.0	5.0	0.0	7
2.0	4.0	3.0	100.0	0.0	3.0	3.0	87.0	7.0	4.0	22.0	10.0	0.0	1.0	7.0	0.0	4
1.0	3.0	3.0	100.0	1.0	7.0	3.0	311.0	2.0	2.0	1.0	2.0	0.0	1.0	3.0	1.0	2
2.0	1.0	1.0	100.0	3.0	3.0	10.0	270.0	2.0	6.0	16.0	2.0	0.0	1.0	7.0	0.0	6
2.0	2.0	1.0	99.3	5.0	3.0	4.0	2284.0	4.0	1.0	15.0	1.0	0.0	1.0	7.0	1.0	14
2.0	4.0	3.0	99.4	11.0	1.0	3.0	4316.0	3.0	2.0	3.0	1.0	0.0	1.0	5.0	1.0	5
2.0	1.0	1.0	99.2	7.0	7.0	7.0	5577.0	1.0	1.0	1.0	3.0	1.0	40.0	7.0	1.0	5
2.0	4.0	3.0	100.0	2.0	5.0	6.0	312.0	6.0	1.0	3.0	2.0	0.0	1.0	7.0	0.0	6
2.0	4.0	3.0	99.4	11.0	1.0	3.0	4316.0	7.0	6.0	3.0	1.0	0.0	1.0	5.0	1.0	6
2.0	4.0	3.0	98.0	2.0	7.0	5.0	283.0	4.0	4.0	15.0	2.0	0.0	1.0	7.0	1.0	6
1.0	4.0	3.0	99.7	4.0	7.0	3.0	830.0	7.0	7.0	23.0	1.0	0.0	40.0	3.0	1.0	3
1.0	4.0	3.0	99.6	4.0	3.0	6.0	1435.0	4.0	1.0	17.0	1.0	0.0	1.0	5.0	0.0	3
1.0	3.0	3.0	100.0	3.0	5.0	4.0	626.0	1.0	3.0	14.0	2.0	0.0	1.0	7.0	0.0	2
2.0	4.0	3.0	99.1	4.0	10.0	9.0	1135.0	1.0	5.0	1.0	1.0	1.0	40.0	7.0	1.0	5
2.0	4.0	3.0	99.4	11.0	1.0	3.0	4308.0	1.0	7.0	1.0	1.0	0.0	1.0	5.0	1.0	5
2.0	5.0	3.0	100.0	3.0	1.0	8.0	97.0	2.0	1.0	1.0	2.0	0.0	1.0	5.0	0.0	2
2.0	1.0	1.0	100.0	1.0	7.0	6.0	600.0	1.0	1.0	21.0	1.0	0.0	1.0	7.0	1.0	6
1.0	2.0	1.0	98.8	9.0	7.0	6.0	2918.0	2.0	2.0	3.0	1.0	0.0	1.0	5.0	1.0	13
2.0	4.0	3.0	100.0	3.0	1.0	6.0	215.0	7.0	6.0	3.0	2.0	0.0	1.0	7.0	0.0	6
1.0	6.0	3.0	99.0	10.0	3.0	3.0	7689.0	7.0	4.0	1.0	3.0	0.0	1.0	3.0	1.0	1
1.0	5.0	3.0	100.0	4.0	7.0	8.0	730.0	2.0	2.0	3.0	1.0	0.0	1.0	7.0	0.0	1
1.0	3.0	3.0	100.0	1.0	1.0	4.0	44.0	3.0	2.0	13.0	1.0	0.0	1.0	5.0	0.0	1
2.0	3.0	3.0	98.2	3.0	5.0	4.0	334.0	1.0	3.0	1.0	1.0	0.0	1.0	5.0	1.0	6
2.0	5.0	3.0	99.1	5.0	7.0	6.0	55.0	6.0	6.0	3.0	2.0	1.0	40.0	7.0	1.0	1
2.0	2.0	1.0	100.0	1.0	5.0	4.0	220.0	1.0	3.0	15.0	2.0	0.0	1.0	7.0	0.0	16
2.0	4.0	3.0	99.4	11.0	1.0	3.0	4316.0	7.0	6.0	1.0	1.0	0.0	1.0	5.0	1.0	6
1.0	4.0	3.0	100.0	4.0	1.0	3.0	417.0	5.0	4.0	2.0	1.0	0.0	1.0	5.0	0.0	4
2.0	3.0	3.0	99.5	6.0	7.0	8.0	1152.0	1.0	1.0	1.0	2.0	0.0	1.0	7.0	1.0	3
6.0	2.0	1.0	100.0	0.0	7.0	3.0	321.0	2.0	2.0	20.0	2.0	1.0	40.0	7.0	0.0	16
1.0	4.0	3.0	99.9	5.0	7.0	4.0	5744.0	3.0	3.0	3.0	1.0	0.0	1.0	3.0	1.0	4
2.0	6.0	3.0	100.0	3.0	7.0	8.0	734.0	1.0	1.0	2.0	1.0	0.0	1.0	5.0	1.0	6
1.0	4.0	3.0	100.0	0.0	3.0	4.0	496.0	5.0	2.0	20.0	2.0	1.0	40.0	7.0	0.0	3
1.0	2.0	1.0	99.3	5.0	5.0	5.0	2152.0	6.0	1.0	15.0	1.0	0.0	1.0	7.0	1.0	13
2.0	2.0	1.0	100.0	1.0	7.0	11.0	242.0	7.0	7.0	18.0	3.0	0.0	1.0	3.0	0.0	16
1.0	3.0	3.0	100.0	1.0	7.0	3.0	56.0	7.0	7.0	22.0	2.0	1.0	40.0	7.0	0.0	2
2.0	6.0	3.0	100.0	3.0	3.0	10.0	203.0	2.0	6.0	0.0	1.0	1.0	40.0	3.0	1.0	2
2.0	3.0	3.0	100.0	3.0	3.0	3.0	546.0	4.0	1.0	4.0	1.0	1.0	40.0	7.0	0.0	6
2.0	2.0	1.0	100.0	3.0	7.0	5.0	279.0	2.0	2.0	20.0	3.0	1.0	40.0	7.0	0.0	16
1.0	3.0	3.0	100.0	2.0	3.0	6.0	381.0	2.0	6.0	14.0	1.0	0.0	1.0	5.0	0.0	1
2.0	7.0	3.0	100.0	2.0	3.0	6.0	484.0	5.0	2.0	2.0	2.0	1.0	40.0	7.0	0.0	3
6.0	2.0	1.0	100.0	4.0	7.0	10.0	570.0	1.0	1.0	22.0	3.0	0.0	1.0	5.0	1.0	15
6.0	4.0	3.0	100.0	0.0	7.0	10.0	481.0	4.0	4.0	20.0	2.0	0.0	1.0	7.0	1.0	7
2.0	3.0	3.0	98.7	3.0	3.0	7.0	1804.0	2.0	6.0	20.0	2.0	0.0	1.0	7.0	0.0	5
2.0	3.0	3.0	100.0	3.0	1.0	4.0	1069.0	3.0	2.0	18.0	3.0	1.0	249.0	7.0	0.0	5
1.0	3.0	3.0	100.0	3.0	3.0	3.0	150.0	1.0	5.0	1.0	2.0	0.0	1.0	7.0	0.0	1
2.0	4.0	3.0	99.4	11.0	1.0	3.0	4316.0	1.0	7.0	3.0	1.0	0.0	1.0	5.0	1.0	5
1.0	4.0	3.0	99.7	3.0	7.0	12.0	100.0	1.0	1.0	21.0	1.0	0.0	1.0	7.0	1.0	4
1.0	2.0	1.0	99.3	5.0	3.0	6.0	2146.0	5.0	2.0	16.0	1.0	0.0	1.0	7.0	1.0	12
2.0	4.0	3.0	100.0	4.0	3.0	4.0	1422.0	2.0	6.0	2.0	1.0	0.0	1.0	7.0	0.0	7
2.0	1.0	1.0	100.0	2.0	7.0	6.0	678.0	1.0	1.0	3.0	2.0	0.0	1.0	7.0	0.0	6
2.0	5.0	3.0	98.7	3.0	7.0	6.0	2708.0	5.0	5.0	14.0	1.0	1.0	40.0	7.0	1.0	1
2.0	4.0	3.0	100.0	4.0	7.0	4.0	1107.0	1.0	1.0	16.0	1.0	0.0	1.0	7.0	0.0	7
6.0	4.0	3.0	100.0	2.0	7.0	12.0	914.0	3.0	3.0	18.0	2.0	1.0	40.0	7.0	1.0	13
6.0	2.0	1.0	0.0	0.0	5.0	5.0	256.0	1.0	3.0	21.0	1.0	0.0	1.0	5.0	1.0	16
2.0	6.0	2.0	0.0	0.0	3.0	6.0	195.0	2.0	6.0	3.0	2.0	0.0	1.0	7.0	0.0	1
2.0	2.0	1.0	100.0	0.0	7.0	6.0	110.0	1.0	1.0	18.0	2.0	0.0	1.0	7.0	0.0	15
2.0	2.0	1.0	99.3	5.0	3.0	6.0	2146.0	1.0	5.0	16.0	1.0	0.0	1.0	7.0	1.0	11
2.0	2.0	1.0	99.3	5.0	3.0	4.0	2284.0	1.0	5.0	15.0	1.0	0.0	1.0	7.0	1.0	12
2.0	1.0	1.0	99.3	4.0	7.0	6.0	1615.0	1.0	1.0	23.0	1.0	0.0	1.0	3.0	1.0	5
2.0	4.0	3.0	100.0	1.0	1.0	3.0	180.0	5.0	4.0	0.0	3.0	0.0	1.0	3.0	0.0	8
2.0	3.0	3.0	99.8	6.0	7.0	10.0	416.0	1.0	1.0	1.0	1.0	1.0	40.0	7.0	1.0	5
2.0	4.0	3.0	99.4	3.0	3.0	10.0	559.0	5.0	2.0	18.0	1.0	0.0	1.0	5.0	1.0	7
2.0	5.0	3.0	96.1	3.0	5.0	7.0	165.0	6.0	1.0	22.0	3.0	1.0	40.0	7.0	0.0	1
1.0	2.0	1.0	100.0	1.0	3.0	3.0	366.0	5.0	2.0	0.0	2.0	1.0	40.0	7.0	0.0	11
2.0	4.0	3.0	96.7	1.0	3.0	5.0	79.0	1.0	5.0	19.0	3.0	0.0	1.0	7.0	0.0	7
1.0	2.0	1.0	99.4	6.0	1.0	5.0	1158.0	1.0	7.0	3.0	1.0	1.0	40.0	7.0	1.0	14
1.0	3.0	3.0	99.7	5.0	7.0	5.0	3951.0	2.0	2.0	18.0	1.0	0.0	1.0	5.0	0.0	2
2.0	4.0	3.0	0.0	0.0	3.0	3.0	491.0	4.0	1.0	20.0	2.0	0.0	1.0	7.0	0.0	6
2.0	3.0	3.0	99.8	8.0	7.0	12.0	1658.0	3.0	3.0	1.0	2.0	0.0	1.0	5.0	1.0	5
2.0	6.0	3.0	99.6	5.0	7.0	6.0	2970.0	1.0	1.0	22.0	3.0	1.0	1.0	5.0	1.0	1
2.0	5.0	3.0	100.0	3.0	7.0	12.0	614.0	7.0	7.0	20.0	1.0	0.0	1.0	5.0	1.0	3
2.0	5.0	3.0	99.8	5.0	7.0	7.0	1960.0	3.0	3.0	2.0	1.0	0.0	1.0	5.0	1.0	1
2.0	3.0	3.0	100.0	2.0	7.0	4.0	871.0	4.0	4.0	3.0	1.0	0.0	1.0	5.0	1.0	5
2.0	4.0	3.0	96.4	4.0	10.0	5.0	220.0	4.0	1.0	21.0	2.0	0.0	1.0	7.0	1.0	8
1.0	3.0	3.0	99.9	5.0	7.0	3.0	226.0	1.0	1.0	20.0	1.0	1.0	12.0	3.0	0.0	5
2.0	1.0	1.0	98.8	9.0	5.0	7.0	3002.0	1.0	3.0	16.0	1.0	0.0	1.0	5.0	1.0	6
1.0	3.0	3.0	99.7	5.0	7.0	8.0	4050.0	2.0	2.0	17.0	1.0	0.0	1.0	5.0	0.0	3
2.0	2.0	1.0	99.3	5.0	5.0	6.0	2146.0	1.0	3.0	18.0	1.0	0.0	1.0	7.0	1.0	11
2.0	4.0	3.0	33.3	1.0	3.0	3.0	404.0	7.0	4.0	18.0	3.0	1.0	249.0	3.0	0.0	9
2.0	4.0	3.0	99.4	11.0	3.0	3.0	4432.0	4.0	1.0	23.0	1.0	0.0	1.0	5.0	1.0	6
2.0	6.0	3.0	99.5	7.0	5.0	6.0	456.0	2.0	4.0	21.0	2.0	0.0	1.0	7.0	0.0	1
2.0	2.0	1.0	75.0	0.0	7.0	3.0	366.0	4.0	4.0	14.0	1.0	0.0	1.0	3.0	0.0	13
2.0	3.0	3.0	98.9	2.0	3.0	3.0	87.0	7.0	4.0	21.0	3.0	1.0	40.0	7.0	0.0	4
