Condition	Model	Seller rating	Seller rating count	Duration	Number of pictures	Length of description	End Weekday	Start Weekday	End Hour	Handling time	Global shipping	Shipping Locations	Shipping Type	Return accepted	Price
1.0	0.14	1.0	0.5	0.666666666667	0.909090909091	0.004844	0.833333333333	0.833333333333	0.0	0.05	0.0	0.00401606425703	0.714285714286	1.0	25.84
1.0	0.12	1.0	0.25	0.666666666667	0.454545454545	0.00086	0.0	0.0	0.0	0.1	0.0	0.00401606425703	1.0	1.0	8.5
1.0	0.14	1.0	0.416666666667	0.0	0.272727272727	0.00026	0.833333333333	0.666666666667	0.739130434783	0.15	0.0	0.00401606425703	0.714285714286	0.0	24.5
1.0	0.86	0.994	0.333333333333	0.0	0.0	0.00082	0.833333333333	0.666666666667	0.173913043478	0.1	0.0	0.0240963855422	0.714285714286	0.0	10.5
1.0	0.1	1.0	0.333333333333	0.666666666667	0.0	0.000736	0.0	0.0	0.0434782608696	0.05	1.0	0.160642570281	1.0	1.0	2.99
1.0	0.14	1.0	0.25	0.666666666667	0.181818181818	0.000688	0.0	0.0	0.0	0.1	0.0	0.00401606425703	0.714285714286	0.0	36.0
1.0	0.06	1.0	0.416666666667	0.444444444444	0.181818181818	0.000268	0.333333333333	0.666666666667	0.173913043478	0.15	0.0	0.00401606425703	0.714285714286	0.0	4.0
1.0	0.86	1.0	0.416666666667	0.444444444444	0.0909090909091	0.00075	1.0	0.166666666667	0.95652173913	0.1	0.0	0.00401606425703	0.714285714286	0.0	21.5
1.0	0.06	1.0	0.25	0.444444444444	0.272727272727	0.000604	0.666666666667	1.0	0.521739130435	0.5	0.0	0.00803212851406	0.714285714286	0.0	30.0
1.0	0.12	0.999	0.583333333333	0.444444444444	0.545454545455	0.008694	0.166666666667	0.5	0.0434782608696	0.05	0.0	1.0	1.0	1.0	26.01
1.0	0.14	0.958	0.25	0.0	0.0	0.000424	0.5	0.333333333333	0.826086956522	0.5	0.0	1.0	0.714285714286	1.0	19.76
1.0	0.06	0.998	0.416666666667	0.666666666667	0.0	0.001544	1.0	1.0	0.0	0.05	0.0	1.0	1.0	1.0	5.99
1.0	0.86	1.0	0.25	0.666666666667	0.272727272727	0.002186	0.833333333333	0.833333333333	0.608695652174	0.05	0.0	1.0	1.0	1.0	1.99
1.0	0.06	1.0	0.5	0.666666666667	0.181818181818	0.003356	0.0	0.0	0.0869565217391	0.0	1.0	0.00401606425703	0.714285714286	1.0	5.02
1.0	0.12	1.0	0.25	0.666666666667	0.272727272727	0.00201	0.833333333333	0.833333333333	0.130434782609	0.05	0.0	1.0	1.0	1.0	5.25
1.0	0.0	0.997	0.583333333333	0.222222222222	0.0	0.002046	0.166666666667	0.833333333333	0.173913043478	0.25	0.0	1.0	0.714285714286	0.0	3.49
1.0	0.98	1.0	0.333333333333	0.444444444444	0.909090909091	0.00162	0.333333333333	0.666666666667	0.130434782609	0.15	0.0	1.0	0.714285714286	0.0	8.0
1.0	0.4	0.997	0.333333333333	0.666666666667	0.0909090909091	0.001192	0.0	0.0	0.347826086957	0.05	1.0	0.160642570281	1.0	1.0	5.99
1.0	0.14	1.0	0.333333333333	0.666666666667	0.0	0.00059	0.166666666667	0.166666666667	0.0434782608696	0.05	0.0	0.00401606425703	0.714285714286	1.0	20.75
1.0	0.14	0.979	0.166666666667	0.222222222222	0.181818181818	2.8e-05	0.5	0.0	1.0	0.1	1.0	0.160642570281	1.0	0.0	30.0
1.0	0.12	0.994	0.583333333333	0.666666666667	0.454545454545	0.000614	0.333333333333	0.333333333333	0.0	0.15	0.0	1.0	0.714285714286	0.0	14.99
1.0	0.14	1.0	0.25	0.444444444444	0.181818181818	0.00133	0.0	0.333333333333	0.826086956522	0.1	0.0	0.00401606425703	1.0	0.0	18.0
1.0	0.08	0.999	0.416666666667	0.666666666667	0.0	0.000158	0.166666666667	0.166666666667	0.869565217391	0.05	0.0	0.00401606425703	0.714285714286	1.0	1.29
1.0	0.7	0.99	0.416666666667	0.666666666667	0.0	0.000618	0.333333333333	0.333333333333	0.130434782609	0.5	1.0	0.160642570281	1.0	1.0	0.75
1.0	0.12	0.994	0.416666666667	0.666666666667	0.0	0.00286	0.5	0.5	0.608695652174	0.15	1.0	0.160642570281	1.0	0.0	0.99
1.0	0.06	1.0	0.333333333333	0.666666666667	0.0	0.000922	0.333333333333	0.333333333333	0.95652173913	0.1	1.0	1.0	1.0	0.0	29.58
1.0	0.14	0.995	0.416666666667	0.222222222222	0.0	0.00066	0.0	0.666666666667	0.608695652174	0.05	0.0	1.0	0.714285714286	1.0	12.51
1.0	0.02	1.0	0.166666666667	0.444444444444	0.0	0.000872	1.0	0.166666666667	0.0434782608696	0.15	1.0	0.160642570281	1.0	1.0	1.29
1.0	0.56	0.981	0.416666666667	0.666666666667	0.454545454545	0.000558	1.0	1.0	0.0	0.15	0.0	1.0	0.714285714286	1.0	2.25
1.0	0.96	1.0	0.25	0.444444444444	0.0909090909091	0.000128	0.333333333333	0.666666666667	0.0434782608696	0.1	1.0	0.160642570281	1.0	1.0	1.99
1.0	0.02	1.0	0.416666666667	0.666666666667	0.0909090909091	0.00351	0.333333333333	0.333333333333	0.130434782609	0.05	1.0	1.0	1.0	1.0	3.75
1.0	0.78	0.997	0.416666666667	0.666666666667	0.0	0.001192	0.0	0.0	0.0434782608696	0.05	0.0	1.0	1.0	1.0	0.99
1.0	0.56	1.0	0.333333333333	0.666666666667	0.272727272727	0.001352	0.666666666667	0.666666666667	0.0869565217391	0.05	0.0	0.00401606425703	0.714285714286	1.0	69.0
1.0	0.82	1.0	0.25	0.666666666667	0.0	0.001376	0.833333333333	0.833333333333	0.869565217391	0.05	0.0	0.00401606425703	0.714285714286	0.0	4.8
1.0	0.86	0.998	0.583333333333	0.666666666667	0.0	0.000344	0.333333333333	0.333333333333	0.173913043478	0.05	0.0	1.0	0.714285714286	1.0	13.22
1.0	0.14	1.0	0.25	0.666666666667	0.0	0.00062	0.833333333333	0.833333333333	0.0869565217391	0.05	1.0	0.0160642570281	1.0	1.0	2.24
1.0	0.82	0.998	0.583333333333	0.666666666667	0.0	0.000334	0.333333333333	0.333333333333	0.173913043478	0.05	0.0	1.0	0.714285714286	1.0	13.22
1.0	0.02	1.0	0.0833333333333	0.666666666667	0.0909090909091	0.000302	0.5	0.5	0.0434782608696	0.1	0.0	0.00401606425703	1.0	0.0	1.04
1.0	0.96	0.998	0.333333333333	0.666666666667	0.0909090909091	0.001294	0.5	0.5	0.782608695652	0.1	1.0	1.0	1.0	0.0	0.97
1.0	0.14	0.988	0.416666666667	0.444444444444	0.0	0.000338	1.0	0.166666666667	0.217391304348	0.15	0.0	0.00401606425703	0.714285714286	0.0	4.99
1.0	0.92	0.999	0.416666666667	1.0	0.181818181818	0.000492	0.0	0.666666666667	0.0869565217391	0.15	0.0	1.0	1.0	0.0	17.51
0.0	0.08	1.0	0.5	0.666666666667	0.454545454545	0.001164	0.0	0.0	0.130434782609	0.05	0.0	0.00401606425703	0.714285714286	1.0	8.78
1.0	0.1	0.996	0.416666666667	0.444444444444	0.272727272727	0.003044	0.666666666667	1.0	0.0434782608696	0.1	0.0	0.00401606425703	0.714285714286	0.0	65.77
1.0	-17.18	0.999	0.416666666667	0.666666666667	0.0	0.008288	0.666666666667	0.666666666667	0.0	0.05	0.0	0.0160642570281	0.714285714286	1.0	1.04
1.0	0.14	0.997	0.416666666667	0.666666666667	0.0	0.001196	1.0	1.0	1.0	0.05	0.0	1.0	1.0	1.0	0.99
0.0	0.08	1.0	0.0833333333333	0.666666666667	0.636363636364	0.002216	0.833333333333	0.833333333333	0.826086956522	0.05	0.0	1.0	1.0	0.0	0.99
1.0	0.96	0.984	0.25	0.444444444444	0.0	0.000218	0.0	0.333333333333	0.0869565217391	0.1	0.0	0.00401606425703	0.428571428571	1.0	2.25
1.0	0.1	1.0	0.0	0.222222222222	0.0909090909091	0.00071	0.666666666667	0.166666666667	0.0	0.05	1.0	0.160642570281	1.0	1.0	2.0
1.0	0.06	1.0	0.333333333333	0.444444444444	0.0	0.000158	0.333333333333	0.666666666667	0.434782608696	0.1	0.0	0.00401606425703	0.714285714286	1.0	2.0
1.0	0.06	0.996	0.416666666667	0.666666666667	0.181818181818	0.000842	0.833333333333	0.833333333333	0.826086956522	0.05	0.0	1.0	1.0	1.0	1.34
1.0	0.14	1.0	0.333333333333	0.0	0.363636363636	0.000786	0.333333333333	0.166666666667	0.0434782608696	0.1	0.0	0.00401606425703	0.714285714286	1.0	22.99
1.0	0.14	1.0	0.333333333333	0.666666666667	0.0	0.000496	0.833333333333	0.833333333333	0.652173913043	0.1	1.0	0.160642570281	1.0	1.0	3.25
1.0	0.1	0.999	0.416666666667	0.666666666667	0.0	0.00857	0.0	0.0	0.0	0.05	0.0	0.0160642570281	0.714285714286	1.0	2.32
1.0	0.06	1.0	0.666666666667	0.666666666667	0.0	0.000358	0.166666666667	0.166666666667	0.478260869565	0.05	0.0	1.0	0.714285714286	1.0	4.25
1.0	0.92	1.0	0.333333333333	0.666666666667	0.0909090909091	0.001014	1.0	1.0	0.217391304348	0.05	0.0	0.00401606425703	0.714285714286	1.0	2.49
1.0	0.56	0.999	0.416666666667	0.666666666667	0.0	0.008378	0.0	0.0	0.0434782608696	0.05	0.0	0.0160642570281	0.714285714286	1.0	2.8
1.0	0.06	1.0	0.416666666667	0.222222222222	0.0	0.00074	1.0	0.5	0.782608695652	0.05	0.0	0.00401606425703	0.714285714286	1.0	13.56
1.0	0.1	1.0	0.5	0.666666666667	0.0	0.000162	0.666666666667	0.666666666667	0.0434782608696	0.05	0.0	1.0	0.714285714286	1.0	10.5
1.0	0.12	0.999	0.583333333333	0.444444444444	0.636363636364	0.008666	0.166666666667	0.5	0.0434782608696	0.05	0.0	1.0	1.0	1.0	45.6
1.0	0.96	1.0	0.416666666667	0.0	0.0	0.000724	0.833333333333	0.666666666667	0.739130434783	0.05	0.0	0.00401606425703	0.714285714286	1.0	10.99
1.0	0.96	0.99	0.416666666667	0.444444444444	0.0	0.00022	0.833333333333	0.0	0.95652173913	0.1	1.0	0.160642570281	1.0	0.0	0.99
1.0	0.98	0.996	0.333333333333	0.666666666667	0.0909090909091	0.000372	0.5	0.5	0.0434782608696	0.15	0.0	0.00401606425703	0.714285714286	0.0	0.99
1.0	0.12	1.0	0.333333333333	0.222222222222	0.0909090909091	0.001238	0.5	0.0	0.0869565217391	0.05	1.0	0.160642570281	1.0	1.0	4.99
1.0	0.7	1.0	0.166666666667	0.666666666667	0.0909090909091	0.00054	0.166666666667	0.166666666667	0.0434782608696	0.05	1.0	1.0	1.0	1.0	5.99
1.0	0.86	1.0	0.25	0.222222222222	0.0	0.000636	0.166666666667	0.833333333333	0.0869565217391	0.1	1.0	0.160642570281	1.0	1.0	10.0
1.0	0.56	1.0	0.25	0.666666666667	0.0909090909091	0.000468	1.0	1.0	0.695652173913	0.1	0.0	0.00401606425703	0.714285714286	0.0	0.99
1.0	-0.04	0.996	0.416666666667	0.666666666667	0.0	0.000362	0.666666666667	0.666666666667	0.95652173913	0.05	1.0	1.0	1.0	1.0	0.99
1.0	0.14	0.998	0.333333333333	0.666666666667	0.0909090909091	0.001198	0.666666666667	0.666666666667	0.739130434783	0.1	1.0	1.0	1.0	0.0	0.97
1.0	0.14	0.997	0.416666666667	0.666666666667	0.0	0.002102	1.0	1.0	0.0869565217391	0.1	1.0	1.0	1.0	0.0	6.56
1.0	0.1	1.0	0.416666666667	0.666666666667	0.454545454545	0.001802	0.666666666667	0.666666666667	0.0	0.05	0.0	0.00401606425703	0.714285714286	1.0	0.99
1.0	0.4	0.998	0.5	0.444444444444	0.0	0.000712	0.5	0.833333333333	0.608695652174	0.05	0.0	1.0	0.714285714286	1.0	2.5
1.0	0.86	1.0	0.416666666667	0.444444444444	0.0909090909091	0.000838	0.333333333333	0.666666666667	0.0869565217391	0.15	0.0	0.00401606425703	0.714285714286	0.0	20.5
1.0	0.96	1.0	0.333333333333	0.222222222222	0.363636363636	0.000896	0.333333333333	1.0	0.739130434783	0.1	0.0	0.00401606425703	0.714285714286	1.0	1.36
1.0	0.06	1.0	0.25	0.666666666667	0.272727272727	0.001972	0.833333333333	0.833333333333	0.652173913043	0.05	0.0	1.0	1.0	1.0	2.49
1.0	0.98	0.999	0.416666666667	0.666666666667	0.0	0.008374	0.0	0.0	0.0434782608696	0.05	0.0	0.0160642570281	0.714285714286	1.0	2.07
1.0	-0.04	1.0	0.333333333333	0.444444444444	0.818181818182	0.00162	0.333333333333	0.666666666667	0.0434782608696	0.15	0.0	1.0	0.714285714286	0.0	6.99
1.0	0.86	1.0	0.25	0.666666666667	0.181818181818	0.000552	1.0	1.0	1.0	0.15	1.0	0.160642570281	1.0	1.0	19.28
1.0	0.14	0.998	0.333333333333	0.666666666667	0.0909090909091	0.001246	0.333333333333	0.333333333333	0.652173913043	0.1	0.0	0.00401606425703	0.714285714286	0.0	0.97
1.0	0.86	1.0	0.25	0.222222222222	0.0909090909091	0.000352	0.833333333333	0.333333333333	0.95652173913	0.1	0.0	1.0	1.0	0.0	12.51
1.0	0.1	1.0	0.333333333333	0.666666666667	0.0	0.000928	0.333333333333	0.333333333333	0.0434782608696	0.05	0.0	0.00401606425703	0.714285714286	1.0	13.5
1.0	0.08	1.0	0.416666666667	0.666666666667	0.454545454545	0.008402	0.833333333333	0.833333333333	0.130434782609	0.05	0.0	1.0	1.0	1.0	0.99
1.0	-0.04	1.0	0.25	0.444444444444	0.545454545455	0.005072	0.5	0.833333333333	0.304347826087	0.05	0.0	0.00401606425703	0.714285714286	1.0	0.99
1.0	0.56	1.0	0.25	0.444444444444	0.0909090909091	0.000114	0.0	0.333333333333	0.0869565217391	0.1	1.0	0.160642570281	1.0	1.0	1.99
1.0	0.56	1.0	0.333333333333	0.444444444444	0.0909090909091	0.001088	0.833333333333	0.0	0.0434782608696	0.05	0.0	0.00401606425703	0.714285714286	1.0	2.99
1.0	0.08	1.0	0.583333333333	0.444444444444	0.0909090909091	0.004144	0.5	0.833333333333	0.0869565217391	0.05	0.0	1.0	1.0	1.0	12.95
1.0	0.86	0.99	0.416666666667	0.222222222222	0.0	0.0002	0.333333333333	1.0	0.0	0.1	1.0	0.160642570281	1.0	0.0	0.99
1.0	0.98	0.997	0.416666666667	0.666666666667	0.0	0.00118	0.0	0.0	0.0	0.05	0.0	1.0	1.0	1.0	0.99
1.0	0.06	1.0	0.416666666667	0.666666666667	0.0909090909091	0.002374	0.166666666667	0.166666666667	0.130434782609	0.2	1.0	0.0562248995984	1.0	0.0	9.99
1.0	0.68	1.0	0.25	0.666666666667	0.0	0.000304	0.833333333333	0.833333333333	0.173913043478	0.1	0.0	0.00401606425703	0.714285714286	0.0	0.69
1.0	0.14	1.0	0.416666666667	0.666666666667	0.0	0.000192	0.666666666667	0.666666666667	0.913043478261	0.15	0.0	1.0	0.714285714286	0.0	1.75
1.0	0.86	0.999	0.416666666667	0.666666666667	0.0	0.008378	0.0	0.0	0.0434782608696	0.05	0.0	0.0160642570281	0.714285714286	1.0	2.07
1.0	0.06	0.996	0.333333333333	0.444444444444	0.181818181818	0.00031	0.833333333333	0.0	0.0434782608696	0.15	0.0	0.00401606425703	1.0	0.0	0.99
1.0	0.06	1.0	0.25	0.666666666667	0.363636363636	0.002344	0.0	0.0	0.0434782608696	0.1	0.0	0.00401606425703	1.0	0.0	5.5
1.0	0.14	1.0	0.333333333333	0.444444444444	0.272727272727	0.00028	0.833333333333	0.0	0.130434782609	0.05	0.0	0.00401606425703	0.428571428571	1.0	24.5
1.0	0.98	1.0	0.5	0.222222222222	0.181818181818	0.003372	1.0	0.5	0.0	0.0	0.0	0.00401606425703	0.714285714286	1.0	1.51
1.0	0.06	1.0	0.416666666667	0.222222222222	0.0	0.001048	0.166666666667	0.833333333333	0.652173913043	0.05	0.0	0.00401606425703	0.714285714286	1.0	1.99
1.0	0.66	0.999	0.5	0.666666666667	0.181818181818	0.001864	0.666666666667	0.666666666667	0.0434782608696	0.05	0.0	1.0	1.0	1.0	11.49
1.0	0.14	1.0	0.333333333333	0.222222222222	0.363636363636	0.000626	1.0	0.5	0.0869565217391	0.1	0.0	0.00401606425703	0.714285714286	0.0	0.01
1.0	0.84	0.998	0.583333333333	0.666666666667	0.0	0.002936	0.666666666667	0.666666666667	0.0434782608696	0.05	0.0	1.0	1.0	1.0	15.99
1.0	0.14	0.991	0.416666666667	0.222222222222	0.0909090909091	0.00062	0.5	0.0	0.0	0.25	0.0	0.00401606425703	0.714285714286	0.0	23.0
0.0	0.06	1.0	0.25	0.666666666667	0.272727272727	0.002412	0.166666666667	0.166666666667	0.260869565217	0.15	0.0	0.00401606425703	0.714285714286	1.0	10.0
1.0	0.08	0.999	0.416666666667	0.666666666667	0.0	0.008284	0.0	0.0	0.0	0.05	0.0	0.0160642570281	0.714285714286	1.0	1.89
1.0	0.1	0.995	0.416666666667	0.444444444444	0.0	0.000306	0.666666666667	1.0	0.95652173913	0.05	0.0	1.0	0.714285714286	1.0	31.0
1.0	0.14	1.0	0.25	0.666666666667	0.272727272727	0.00224	0.833333333333	0.833333333333	0.782608695652	0.05	0.0	1.0	1.0	1.0	1.99
1.0	0.06	0.99	0.416666666667	0.666666666667	0.0909090909091	0.000886	0.166666666667	0.166666666667	0.0434782608696	0.05	0.0	1.0	0.714285714286	1.0	1.99
1.0	0.7	1.0	0.25	0.666666666667	0.0	0.00227	0.666666666667	0.666666666667	0.826086956522	0.15	0.0	0.00401606425703	0.714285714286	1.0	3.25
1.0	0.14	1.0	0.25	0.444444444444	0.0	0.000894	0.5	0.833333333333	0.0869565217391	0.1	0.0	0.00401606425703	0.714285714286	0.0	15.49
1.0	0.86	1.0	0.416666666667	0.222222222222	0.0	0.00075	1.0	0.5	0.739130434783	0.05	0.0	0.00401606425703	0.714285714286	1.0	12.05
1.0	0.02	1.0	0.5	0.666666666667	0.0	0.000544	0.333333333333	0.333333333333	0.0	0.05	0.0	1.0	0.714285714286	1.0	1.29
1.0	0.56	1.0	0.25	0.222222222222	0.0	0.000266	0.833333333333	0.333333333333	0.347826086957	0.1	0.0	0.00401606425703	0.714285714286	0.0	5.04
1.0	0.56	1.0	0.416666666667	0.222222222222	0.0	0.001414	0.5	0.0	1.0	0.1	1.0	1.0	1.0	1.0	26.0
1.0	0.14	1.0	0.333333333333	0.0	0.0	0.000414	0.166666666667	0.0	0.652173913043	0.1	1.0	0.160642570281	1.0	1.0	4.51
1.0	0.1	0.999	0.416666666667	0.666666666667	0.0	0.008332	0.0	0.0	0.0	0.05	0.0	0.0160642570281	0.714285714286	1.0	0.99
1.0	0.08	0.999	0.5	0.666666666667	0.363636363636	0.00174	0.833333333333	0.833333333333	0.0	0.05	0.0	1.0	1.0	1.0	4.99
1.0	0.14	1.0	0.25	0.666666666667	0.272727272727	0.002054	0.5	0.5	0.130434782609	0.05	0.0	1.0	1.0	1.0	2.55
1.0	0.38	1.0	0.416666666667	0.222222222222	0.0909090909091	0.000144	0.666666666667	0.166666666667	0.652173913043	0.05	0.0	1.0	1.0	1.0	27.02
1.0	0.98	1.0	0.25	0.444444444444	0.0909090909091	0.000114	1.0	0.166666666667	1.0	0.1	1.0	0.160642570281	1.0	1.0	1.99
1.0	0.06	1.0	0.416666666667	0.222222222222	0.272727272727	0.004422	0.833333333333	0.333333333333	0.0434782608696	0.1	0.0	1.0	1.0	1.0	21.0
1.0	0.86	1.0	0.333333333333	0.666666666667	0.0	0.000788	0.666666666667	0.666666666667	0.0	0.05	0.0	1.0	1.0	1.0	24.26
1.0	0.02	1.0	0.333333333333	0.444444444444	0.0	0.000896	0.0	0.333333333333	0.0434782608696	0.05	0.0	0.00401606425703	0.714285714286	1.0	4.99
1.0	0.14	1.0	0.25	0.222222222222	0.181818181818	0.000254	1.0	0.5	0.869565217391	0.15	1.0	0.160642570281	1.0	0.0	20.49
1.0	0.06	1.0	0.416666666667	0.222222222222	0.272727272727	0.000812	0.5	0.0	0.130434782609	0.05	0.0	1.0	0.428571428571	1.0	33.02
0.0	0.14	0.998	0.333333333333	0.666666666667	0.0	0.000458	0.0	0.0	0.130434782609	0.05	0.0	0.00401606425703	0.714285714286	1.0	2.99
1.0	0.14	1.0	0.666666666667	0.666666666667	0.0	0.00035	1.0	1.0	0.652173913043	0.05	0.0	1.0	0.714285714286	1.0	2.0
1.0	0.02	1.0	0.25	0.666666666667	0.181818181818	0.001996	0.333333333333	0.333333333333	0.652173913043	0.1	1.0	0.160642570281	1.0	0.0	14.99
1.0	0.02	1.0	0.416666666667	0.666666666667	0.545454545455	0.001802	1.0	1.0	0.782608695652	0.05	0.0	0.00401606425703	0.714285714286	1.0	0.99
1.0	0.98	1.0	0.416666666667	0.666666666667	0.545454545455	0.000606	0.0	0.0	0.0	0.05	1.0	0.160642570281	1.0	1.0	7.52
1.0	0.06	1.0	0.25	0.666666666667	0.0909090909091	0.003978	0.833333333333	0.833333333333	0.217391304348	0.05	0.0	1.0	1.0	1.0	8.0
1.0	0.06	1.0	0.25	0.666666666667	0.181818181818	0.000148	0.166666666667	0.166666666667	0.0434782608696	0.1	0.0	0.00401606425703	0.714285714286	0.0	5.07
0.0	0.06	0.998	0.416666666667	0.444444444444	0.363636363636	0.0016	0.166666666667	0.5	0.739130434783	0.05	0.0	1.0	1.0	1.0	1.09
1.0	0.12	1.0	0.166666666667	0.666666666667	0.272727272727	7.6e-05	1.0	1.0	0.95652173913	0.1	1.0	0.160642570281	1.0	1.0	2.35
1.0	0.06	1.0	0.416666666667	0.666666666667	0.0909090909091	0.001714	0.666666666667	0.666666666667	0.0	0.05	0.0	1.0	1.0	1.0	13.5
1.0	0.14	1.0	0.333333333333	0.666666666667	0.0	0.000638	0.166666666667	0.166666666667	0.0434782608696	0.05	0.0	0.00401606425703	0.714285714286	1.0	20.5
1.0	0.86	1.0	0.25	0.222222222222	0.0909090909091	0.000452	1.0	0.5	0.0434782608696	0.1	0.0	0.00401606425703	0.714285714286	0.0	15.49
1.0	0.02	1.0	0.416666666667	0.666666666667	0.0	0.000684	0.0	0.0	0.0	0.05	0.0	0.00401606425703	0.714285714286	1.0	0.99
1.0	0.56	0.998	0.25	0.666666666667	0.0	0.001852	1.0	1.0	0.173913043478	0.05	0.0	1.0	1.0	1.0	1.49
1.0	0.12	1.0	0.416666666667	0.666666666667	0.0	0.000884	0.833333333333	0.833333333333	0.130434782609	0.1	0.0	0.00401606425703	0.714285714286	0.0	10.99
1.0	0.06	1.0	0.333333333333	0.666666666667	0.0	0.000178	0.166666666667	0.166666666667	0.739130434783	0.15	0.0	0.00401606425703	1.0	0.0	4.24
0.0	0.14	1.0	0.25	0.666666666667	0.454545454545	0.001004	0.333333333333	0.333333333333	0.0869565217391	0.05	1.0	0.160642570281	1.0	1.0	7.77
1.0	0.86	0.955	0.333333333333	0.222222222222	0.0909090909091	0.000492	0.166666666667	0.833333333333	0.0434782608696	0.15	1.0	0.160642570281	1.0	1.0	20.52
1.0	0.14	1.0	0.5	0.666666666667	0.0	0.000652	0.5	0.5	0.130434782609	0.15	0.0	1.0	1.0	1.0	14.99
1.0	0.14	1.0	0.333333333333	0.222222222222	0.363636363636	0.000672	0.666666666667	0.166666666667	0.217391304348	0.1	0.0	0.00401606425703	0.714285714286	1.0	0.99
1.0	0.14	1.0	0.416666666667	0.666666666667	0.0909090909091	0.001382	0.833333333333	0.833333333333	0.0869565217391	0.1	1.0	0.160642570281	1.0	1.0	2.99
1.0	-0.04	1.0	0.25	0.666666666667	0.545454545455	0.005072	0.5	0.5	0.782608695652	0.05	0.0	0.00401606425703	0.714285714286	1.0	0.99
1.0	0.1	1.0	0.416666666667	0.666666666667	0.727272727273	0.000918	0.166666666667	0.166666666667	0.173913043478	0.05	0.0	0.00401606425703	0.714285714286	1.0	5.75
1.0	0.12	1.0	0.416666666667	0.666666666667	0.454545454545	0.010028	1.0	1.0	0.0	0.05	1.0	0.160642570281	1.0	1.0	9.88
1.0	0.06	0.995	0.416666666667	0.444444444444	0.0	0.000306	0.666666666667	1.0	0.0434782608696	0.05	0.0	1.0	0.714285714286	1.0	6.05
1.0	-0.04	1.0	0.25	0.666666666667	0.0	0.000112	1.0	1.0	0.0434782608696	0.1	1.0	0.160642570281	1.0	1.0	1.99
1.0	0.02	0.999	0.416666666667	0.666666666667	0.0	0.006768	0.0	0.0	0.0434782608696	0.05	0.0	0.0160642570281	0.714285714286	1.0	12.0
1.0	0.86	1.0	0.25	0.222222222222	0.0909090909091	0.000302	0.5	0.0	0.869565217391	0.1	0.0	0.00401606425703	0.428571428571	0.0	4.0
1.0	0.96	0.997	0.416666666667	0.666666666667	0.0	0.001194	0.0	0.0	0.0	0.05	0.0	1.0	1.0	1.0	0.99
0.0	0.86	1.0	0.25	0.222222222222	0.181818181818	0.000518	0.5	0.0	0.0869565217391	0.1	0.0	0.00401606425703	0.714285714286	0.0	13.7
1.0	0.56	0.997	0.416666666667	0.666666666667	0.0	0.00118	0.0	0.0	0.0434782608696	0.05	0.0	1.0	1.0	1.0	0.99
1.0	0.14	0.998	0.333333333333	0.666666666667	0.0909090909091	0.001198	0.666666666667	0.666666666667	1.0	0.1	1.0	1.0	1.0	0.0	1.75
1.0	0.02	0.987	0.333333333333	0.444444444444	0.0	0.000898	0.5	0.833333333333	0.565217391304	0.1	1.0	0.160642570281	1.0	0.0	3.0
1.0	0.86	0.998	0.333333333333	0.666666666667	0.0909090909091	0.001296	0.5	0.5	0.782608695652	0.1	1.0	1.0	1.0	0.0	0.97
1.0	0.96	1.0	0.333333333333	0.444444444444	0.0	0.000422	0.166666666667	0.5	0.695652173913	0.05	1.0	0.160642570281	1.0	0.0	1.98
1.0	0.02	1.0	0.25	0.666666666667	0.272727272727	0.002028	0.0	0.0	0.130434782609	0.05	0.0	1.0	1.0	0.0	5.24
1.0	0.02	0.995	0.416666666667	1.0	0.0909090909091	0.002304	0.0	0.666666666667	0.130434782609	0.05	0.0	0.00401606425703	0.428571428571	0.0	9.99
1.0	0.14	1.0	0.333333333333	0.222222222222	0.0	0.00026	0.333333333333	1.0	1.0	0.1	1.0	0.160642570281	1.0	0.0	0.01
1.0	0.12	1.0	0.333333333333	0.444444444444	0.454545454545	0.00162	0.166666666667	0.5	0.782608695652	0.15	0.0	1.0	0.714285714286	0.0	6.99
0.0	0.82	0.995	0.416666666667	0.444444444444	0.0	0.000404	0.333333333333	0.666666666667	0.913043478261	0.05	0.0	1.0	0.714285714286	1.0	4.39
1.0	0.06	1.0	0.416666666667	0.666666666667	0.0909090909091	0.00064	0.0	0.0	0.0434782608696	0.15	1.0	0.160642570281	1.0	0.0	1.49
1.0	0.08	0.992	0.416666666667	0.666666666667	0.0909090909091	0.0008	0.666666666667	0.666666666667	0.0434782608696	0.05	0.0	0.00401606425703	0.714285714286	1.0	0.99
1.0	0.14	1.0	0.416666666667	0.666666666667	0.272727272727	0.00042	0.5	0.5	0.913043478261	0.1	1.0	0.160642570281	1.0	1.0	25.0
1.0	0.06	0.997	0.25	0.666666666667	0.181818181818	0.002088	0.666666666667	0.666666666667	0.521739130435	0.1	0.0	0.00401606425703	1.0	0.0	5.0
1.0	0.06	1.0	0.416666666667	0.444444444444	0.0	0.000436	0.333333333333	0.666666666667	0.869565217391	0.2	0.0	1.0	1.0	1.0	1.5
1.0	-0.04	1.0	0.5	0.0	0.181818181818	0.000932	0.666666666667	0.5	0.608695652174	0.05	1.0	1.0	1.0	1.0	1.99
1.0	0.14	0.995	0.416666666667	0.444444444444	0.0	0.000306	0.666666666667	1.0	0.869565217391	0.05	0.0	1.0	0.714285714286	1.0	2.83
1.0	0.14	1.0	0.0833333333333	0.222222222222	0.181818181818	0.000476	0.166666666667	0.833333333333	0.0	0.1	0.0	0.00401606425703	1.0	0.0	23.35
1.0	0.86	1.0	0.25	0.666666666667	0.181818181818	0.000822	1.0	1.0	0.173913043478	0.1	0.0	0.00401606425703	0.714285714286	0.0	6.99
0.0	0.02	1.0	0.416666666667	0.666666666667	0.181818181818	0.000496	0.5	0.5	0.826086956522	0.05	0.0	1.0	1.0	0.0	0.5
1.0	0.08	1.0	0.333333333333	0.666666666667	0.0	0.00114	1.0	1.0	1.0	0.1	1.0	1.0	1.0	0.0	0.99
1.0	0.56	0.999	0.5	0.666666666667	0.181818181818	0.00192	1.0	1.0	0.826086956522	0.05	0.0	1.0	1.0	1.0	0.99
1.0	0.14	1.0	0.333333333333	0.222222222222	0.363636363636	0.00028	0.5	0.0	0.130434782609	0.05	0.0	0.00401606425703	0.428571428571	1.0	28.57
1.0	0.14	0.999	0.416666666667	0.666666666667	0.0	0.008332	0.0	0.0	0.0	0.05	0.0	0.0160642570281	0.714285714286	1.0	4.0
1.0	0.1	1.0	0.333333333333	0.666666666667	0.0	0.000528	0.666666666667	0.666666666667	0.0434782608696	0.1	0.0	0.00401606425703	0.714285714286	1.0	5.5
1.0	0.14	0.996	0.416666666667	1.0	0.0	0.000706	1.0	0.5	0.260869565217	0.05	0.0	1.0	1.0	1.0	0.99
1.0	-0.04	1.0	0.25	0.666666666667	0.545454545455	0.005072	0.0	0.0	0.260869565217	0.05	0.0	0.00401606425703	0.714285714286	1.0	0.99
1.0	0.14	0.979	0.166666666667	0.222222222222	0.181818181818	2.8e-05	0.833333333333	0.333333333333	1.0	0.1	1.0	0.160642570281	1.0	0.0	20.0
1.0	0.7	1.0	0.333333333333	0.666666666667	0.363636363636	0.00057	0.666666666667	0.666666666667	0.0869565217391	0.05	0.0	0.00401606425703	0.714285714286	1.0	0.99
1.0	0.12	1.0	0.416666666667	0.666666666667	0.181818181818	0.0002	0.5	0.5	0.0869565217391	0.2	1.0	0.0120481927711	1.0	0.0	51.0
1.0	0.12	1.0	0.416666666667	0.666666666667	0.0909090909091	0.000612	0.333333333333	0.333333333333	0.0434782608696	0.05	0.0	1.0	1.0	0.0	19.99
1.0	0.06	1.0	0.333333333333	0.666666666667	0.0	0.000896	1.0	1.0	0.0434782608696	0.05	0.0	0.00401606425703	0.714285714286	1.0	4.99
1.0	0.14	0.999	0.416666666667	0.666666666667	0.0	0.008296	0.0	0.0	0.0	0.05	0.0	0.0160642570281	0.714285714286	1.0	4.26
1.0	0.14	0.995	0.416666666667	0.444444444444	0.0	0.000306	0.833333333333	0.0	0.826086956522	0.05	0.0	1.0	0.714285714286	1.0	4.69
1.0	0.98	0.997	0.333333333333	0.666666666667	0.181818181818	2.6e-05	0.833333333333	0.833333333333	0.0869565217391	0.1	1.0	1.0	1.0	1.0	4.0
1.0	-0.02	0.999	0.5	0.666666666667	0.181818181818	0.00232	0.166666666667	0.166666666667	0.869565217391	0.05	0.0	1.0	1.0	1.0	4.99
1.0	0.14	0.999	0.5	0.666666666667	0.0909090909091	0.002066	0.0	0.0	0.782608695652	0.05	0.0	1.0	1.0	1.0	0.99
1.0	0.06	1.0	0.333333333333	0.666666666667	0.0	0.000556	0.333333333333	0.333333333333	0.260869565217	0.05	0.0	0.0160642570281	0.714285714286	1.0	5.99
1.0	0.96	1.0	0.5	0.0	0.0909090909091	0.000596	0.5	0.333333333333	0.304347826087	0.05	1.0	1.0	1.0	1.0	1.99
1.0	0.06	0.997	0.333333333333	0.666666666667	0.181818181818	3.4e-05	0.5	0.5	1.0	0.1	1.0	0.160642570281	1.0	1.0	5.5
1.0	0.14	0.997	0.333333333333	0.444444444444	0.181818181818	0.00087	0.833333333333	0.0	0.739130434783	0.1	1.0	0.160642570281	1.0	1.0	22.0
1.0	0.14	1.0	0.416666666667	0.666666666667	0.0	0.003624	1.0	1.0	0.0434782608696	0.05	0.0	0.00803212851406	1.0	1.0	38.89
1.0	0.14	1.0	0.25	0.666666666667	0.272727272727	0.00224	0.833333333333	0.833333333333	0.782608695652	0.05	0.0	1.0	1.0	1.0	2.25
1.0	0.12	1.0	0.25	0.222222222222	0.0	0.000136	1.0	0.5	1.0	0.1	1.0	0.160642570281	1.0	1.0	4.26
1.0	0.9	1.0	0.333333333333	0.666666666667	0.0909090909091	0.000322	0.5	0.5	0.0434782608696	0.25	0.0	0.00401606425703	0.714285714286	1.0	10.5
1.0	0.1	1.0	0.5	0.444444444444	0.0	0.001214	0.166666666667	0.5	0.0434782608696	0.05	0.0	0.00401606425703	0.714285714286	1.0	2.58
1.0	0.06	1.0	0.333333333333	0.666666666667	0.454545454545	0.002032	0.0	0.0	0.0	0.05	1.0	0.0200803212851	1.0	1.0	5.5
1.0	0.14	1.0	0.416666666667	0.444444444444	0.363636363636	0.001724	0.333333333333	0.666666666667	0.913043478261	0.05	0.0	0.00401606425703	0.714285714286	1.0	20.0
1.0	0.72	0.955	0.416666666667	0.444444444444	0.0909090909091	0.000408	0.166666666667	0.5	0.130434782609	0.15	0.0	1.0	1.0	0.0	1.5
1.0	0.82	0.997	0.333333333333	0.444444444444	0.0	0.000222	0.166666666667	0.5	0.130434782609	0.05	1.0	1.0	1.0	1.0	2.49
1.0	0.14	0.992	0.416666666667	0.222222222222	0.0	0.000794	0.0	0.666666666667	0.652173913043	0.1	0.0	0.00401606425703	0.714285714286	1.0	1.29
1.0	0.14	1.0	0.333333333333	0.222222222222	0.363636363636	0.001116	0.833333333333	0.333333333333	0.739130434783	0.1	1.0	0.160642570281	1.0	0.0	15.71
1.0	0.56	1.0	0.25	0.666666666667	0.0909090909091	0.00186	1.0	1.0	0.0	0.15	0.0	0.00401606425703	0.428571428571	0.0	19.99
1.0	0.14	0.999	0.416666666667	0.0	0.0909090909091	0.00058	1.0	0.833333333333	0.652173913043	0.05	1.0	1.0	1.0	1.0	1.99
1.0	0.02	1.0	0.25	0.666666666667	0.0	0.000112	1.0	1.0	0.0869565217391	0.1	1.0	0.160642570281	1.0	1.0	2.99
1.0	0.14	1.0	0.416666666667	0.444444444444	0.0909090909091	0.000436	0.333333333333	0.666666666667	0.869565217391	0.2	0.0	1.0	1.0	1.0	8.0
1.0	0.06	1.0	0.333333333333	0.222222222222	0.363636363636	0.00078	0.666666666667	0.166666666667	0.217391304348	0.1	0.0	0.00401606425703	0.714285714286	1.0	2.25
1.0	0.06	1.0	0.333333333333	0.666666666667	0.0	0.002916	0.833333333333	0.833333333333	0.782608695652	0.1	0.0	1.0	1.0	1.0	19.0
1.0	0.06	1.0	0.333333333333	0.666666666667	0.0	0.002916	0.833333333333	0.833333333333	0.782608695652	0.1	0.0	1.0	1.0	1.0	6.22
1.0	0.12	1.0	0.25	0.666666666667	0.181818181818	0.001712	0.0	0.0	0.0869565217391	0.15	0.0	0.00401606425703	0.428571428571	0.0	14.99
1.0	0.06	1.0	0.416666666667	0.444444444444	0.0	0.00017	0.333333333333	0.666666666667	0.0434782608696	0.2	0.0	0.00803212851406	0.714285714286	1.0	2.75
1.0	0.96	1.0	0.25	0.666666666667	0.0909090909091	0.003862	1.0	1.0	0.260869565217	0.05	1.0	0.160642570281	1.0	1.0	0.99
1.0	0.12	1.0	0.416666666667	0.666666666667	0.363636363636	0.001876	1.0	1.0	0.782608695652	0.05	0.0	1.0	1.0	0.0	15.5
1.0	0.86	0.998	0.5	0.666666666667	0.0	0.001564	0.166666666667	0.166666666667	0.913043478261	0.15	0.0	1.0	0.714285714286	1.0	8.5
1.0	0.06	1.0	0.5	0.444444444444	0.818181818182	0.00468	0.833333333333	0.0	0.0869565217391	0.05	0.0	0.00401606425703	0.714285714286	1.0	10.51
1.0	0.06	1.0	0.333333333333	0.222222222222	0.0	0.000246	0.333333333333	1.0	1.0	0.1	1.0	0.160642570281	1.0	0.0	0.01
1.0	0.14	1.0	0.25	0.222222222222	0.0909090909091	0.00051	0.833333333333	0.333333333333	0.869565217391	0.15	1.0	0.160642570281	1.0	0.0	23.3
1.0	0.56	0.997	0.25	0.666666666667	0.0909090909091	0.00024	0.833333333333	0.833333333333	0.782608695652	0.1	0.0	0.00401606425703	0.714285714286	0.0	2.75
1.0	0.14	1.0	0.0833333333333	0.666666666667	0.0	0.000396	1.0	1.0	0.521739130435	0.1	0.0	0.00401606425703	0.714285714286	0.0	4.99
1.0	0.02	1.0	0.0	0.666666666667	0.0	3e-05	0.666666666667	0.666666666667	0.173913043478	0.1	0.0	0.00401606425703	1.0	0.0	0.99
1.0	0.06	1.0	0.25	0.444444444444	0.636363636364	0.000554	0.333333333333	0.666666666667	0.608695652174	0.1	0.0	1.0	1.0	0.0	20.5
1.0	0.86	0.955	0.166666666667	0.444444444444	0.181818181818	0.001086	1.0	0.166666666667	1.0	0.15	0.0	1.0	1.0	0.0	19.49
0.0	0.02	0.993	0.333333333333	0.666666666667	0.636363636364	0.00131	0.0	0.0	0.95652173913	0.1	0.0	0.00401606425703	0.714285714286	0.0	0.75
1.0	0.06	1.0	0.416666666667	0.666666666667	0.0909090909091	0.00073	0.166666666667	0.166666666667	0.0434782608696	0.05	0.0	1.0	1.0	0.0	18.39
1.0	0.86	0.99	0.166666666667	0.222222222222	0.0909090909091	0.00097	1.0	0.5	0.130434782609	0.15	1.0	0.160642570281	1.0	0.0	12.5
1.0	0.08	0.999	0.416666666667	0.666666666667	0.0	0.000158	0.0	0.0	0.565217391304	0.05	0.0	0.00401606425703	0.714285714286	1.0	1.29
1.0	0.06	1.0	0.25	0.444444444444	0.363636363636	0.001414	0.5	0.833333333333	0.826086956522	0.1	1.0	1.0	1.0	0.0	5.99
1.0	0.14	0.995	0.416666666667	0.666666666667	0.0	0.00075	0.666666666667	0.666666666667	0.0869565217391	0.25	1.0	0.0120481927711	1.0	0.0	0.99
0.0	0.14	0.992	0.333333333333	0.444444444444	0.0909090909091	0.000942	0.333333333333	0.666666666667	0.130434782609	0.05	0.0	1.0	1.0	0.0	5.5
0.0	0.86	1.0	0.0833333333333	0.222222222222	0.363636363636	0.001008	0.166666666667	0.833333333333	0.304347826087	0.05	0.0	0.00401606425703	0.714285714286	0.0	1.75
1.0	-0.04	1.0	0.333333333333	0.222222222222	0.363636363636	0.00088	0.333333333333	1.0	0.739130434783	0.1	0.0	0.00401606425703	0.714285714286	1.0	1.75
1.0	0.14	1.0	0.333333333333	1.0	0.181818181818	0.00382	0.0	0.666666666667	0.695652173913	0.15	1.0	0.160642570281	1.0	1.0	27.79
1.0	0.68	0.999	0.416666666667	0.666666666667	0.0	0.008546	0.0	0.0	0.0434782608696	0.05	0.0	0.0160642570281	0.714285714286	1.0	2.26
1.0	0.1	1.0	0.5	0.444444444444	0.0	0.001214	0.166666666667	0.5	0.0434782608696	0.05	0.0	0.00401606425703	0.714285714286	1.0	1.5
1.0	0.94	1.0	0.5	0.666666666667	0.0	0.000776	0.5	0.5	0.782608695652	0.15	1.0	0.160642570281	1.0	0.0	0.99
1.0	-0.04	1.0	0.416666666667	0.666666666667	0.0909090909091	0.000494	0.833333333333	0.833333333333	1.0	0.05	0.0	0.00401606425703	0.714285714286	1.0	1.99
1.0	0.1	0.999	0.416666666667	0.444444444444	0.0	0.001638	0.0	0.333333333333	0.0	0.15	0.0	0.0160642570281	0.714285714286	0.0	5.01
1.0	0.02	1.0	0.333333333333	0.666666666667	0.363636363636	0.003244	0.833333333333	0.833333333333	0.739130434783	0.05	0.0	0.00401606425703	1.0	1.0	1.66
1.0	0.02	0.999	0.416666666667	0.666666666667	0.0	0.006384	0.833333333333	0.833333333333	0.0	0.05	0.0	0.0160642570281	0.714285714286	1.0	0.99
1.0	0.14	1.0	0.25	0.222222222222	0.181818181818	0.000186	0.666666666667	0.166666666667	0.478260869565	0.1	0.0	0.00401606425703	1.0	0.0	24.34
1.0	0.86	1.0	0.416666666667	0.666666666667	0.272727272727	0.000618	1.0	1.0	0.739130434783	0.2	0.0	0.00803212851406	1.0	0.0	12.49
1.0	0.86	1.0	0.166666666667	0.444444444444	0.545454545455	0.001158	0.0	0.333333333333	0.0869565217391	0.1	0.0	0.00401606425703	1.0	0.0	26.76
1.0	0.02	1.0	0.25	0.666666666667	0.0909090909091	0.00058	0.833333333333	0.833333333333	1.0	0.15	1.0	0.160642570281	1.0	0.0	0.99
1.0	0.02	0.995	0.416666666667	0.444444444444	0.0	0.000306	0.666666666667	1.0	0.565217391304	0.05	0.0	1.0	0.714285714286	1.0	0.99
1.0	0.96	1.0	0.416666666667	0.666666666667	0.0909090909091	0.000492	0.833333333333	0.833333333333	1.0	0.05	1.0	0.00803212851406	1.0	1.0	1.99
1.0	0.14	0.997	0.416666666667	0.666666666667	0.0	0.001078	0.0	0.0	0.0	0.05	0.0	1.0	1.0	1.0	0.99
0.0	0.06	0.999	0.416666666667	0.666666666667	0.454545454545	0.00019	0.833333333333	0.833333333333	0.739130434783	0.05	0.0	1.0	1.0	1.0	1.25
0.0	0.02	0.998	0.416666666667	0.666666666667	0.727272727273	0.001128	0.333333333333	0.333333333333	1.0	0.05	0.0	0.00401606425703	0.428571428571	1.0	7.49
1.0	0.12	0.998	0.416666666667	0.666666666667	0.272727272727	0.002532	0.0	0.0	0.0	0.05	1.0	0.00401606425703	0.714285714286	1.0	5.55
1.0	0.1	0.955	0.416666666667	0.444444444444	0.181818181818	0.000322	0.0	0.333333333333	1.0	0.15	0.0	1.0	1.0	0.0	2.75
1.0	0.2	0.995	0.416666666667	0.444444444444	0.0	0.000306	0.833333333333	0.0	0.869565217391	0.05	0.0	1.0	0.714285714286	1.0	5.2
1.0	0.86	1.0	0.333333333333	0.444444444444	0.181818181818	0.000994	0.0	0.333333333333	0.0	0.15	0.0	0.00401606425703	0.714285714286	1.0	18.0
1.0	0.1	1.0	0.25	0.666666666667	0.272727272727	0.002268	0.5	0.5	0.0869565217391	0.05	0.0	1.0	1.0	1.0	1.99
1.0	0.56	0.998	0.583333333333	0.666666666667	0.0	0.00033	0.333333333333	0.333333333333	0.173913043478	0.05	0.0	1.0	0.714285714286	1.0	33.0
1.0	0.06	1.0	0.5	0.444444444444	0.181818181818	0.000562	0.333333333333	0.666666666667	0.304347826087	0.05	1.0	1.0	1.0	1.0	2.32
1.0	0.06	1.0	0.416666666667	0.0	0.272727272727	0.000558	0.5	0.333333333333	1.0	0.1	1.0	0.160642570281	1.0	0.0	4.2
1.0	0.14	1.0	0.5	0.666666666667	0.181818181818	0.000558	0.833333333333	0.833333333333	0.869565217391	0.05	0.0	0.00401606425703	0.714285714286	0.0	19.0
1.0	0.96	1.0	0.333333333333	0.666666666667	0.0	0.00043	1.0	1.0	0.0869565217391	0.15	0.0	0.00401606425703	0.714285714286	0.0	0.41
1.0	0.08	1.0	0.333333333333	0.444444444444	0.363636363636	0.001606	1.0	0.166666666667	0.782608695652	0.15	0.0	1.0	0.714285714286	0.0	2.0
1.0	0.7	0.998	0.583333333333	0.666666666667	0.0	0.000332	0.333333333333	0.333333333333	0.173913043478	0.05	0.0	1.0	0.714285714286	1.0	13.22
1.0	0.64	1.0	0.416666666667	0.222222222222	0.272727272727	0.001776	0.833333333333	0.333333333333	0.608695652174	0.05	1.0	1.0	1.0	1.0	2.5
1.0	0.14	1.0	0.25	0.666666666667	0.0	9.8e-05	1.0	1.0	0.652173913043	0.1	0.0	0.00401606425703	0.714285714286	1.0	0.99
1.0	0.86	0.997	0.416666666667	0.666666666667	0.272727272727	0.001812	0.166666666667	0.166666666667	0.0434782608696	0.05	1.0	0.160642570281	1.0	1.0	20.5
1.0	0.14	0.995	0.416666666667	0.444444444444	0.0	0.000306	0.833333333333	0.0	0.869565217391	0.05	0.0	1.0	0.714285714286	1.0	4.8
1.0	0.86	0.913	0.25	0.444444444444	0.0	0.000562	0.5	0.833333333333	0.130434782609	0.2	1.0	0.160642570281	1.0	0.0	0.99
1.0	0.06	1.0	0.5	0.666666666667	0.727272727273	0.004908	1.0	1.0	0.0434782608696	0.05	0.0	0.00401606425703	0.714285714286	1.0	20.5
1.0	0.06	1.0	0.25	0.666666666667	0.0909090909091	0.003978	0.833333333333	0.833333333333	0.217391304348	0.05	0.0	1.0	1.0	1.0	5.5
1.0	0.06	1.0	0.333333333333	0.666666666667	0.0	0.000498	0.166666666667	0.166666666667	0.0434782608696	0.2	0.0	0.00401606425703	0.714285714286	0.0	0.41
1.0	0.06	1.0	0.25	0.666666666667	0.272727272727	0.002028	0.833333333333	0.833333333333	0.695652173913	0.05	0.0	1.0	1.0	1.0	2.99
1.0	0.14	1.0	0.416666666667	0.666666666667	0.181818181818	0.000198	0.5	0.5	0.0869565217391	0.2	1.0	0.0120481927711	1.0	0.0	56.69
1.0	0.14	1.0	0.333333333333	0.666666666667	0.0	0.002312	0.0	0.0	0.0	0.1	0.0	1.0	1.0	1.0	13.5
0.0	0.06	1.0	0.25	0.666666666667	0.272727272727	0.000874	0.333333333333	0.333333333333	0.869565217391	0.15	0.0	0.00401606425703	0.714285714286	1.0	0.01
1.0	0.08	0.999	0.416666666667	0.666666666667	0.0	0.001008	0.0	0.0	0.0869565217391	0.15	0.0	0.00401606425703	0.714285714286	0.0	0.19
1.0	0.02	0.999	0.583333333333	0.666666666667	0.0909090909091	0.001916	0.0	0.0	0.0434782608696	0.05	0.0	1.0	1.0	1.0	4.99
1.0	0.56	1.0	0.5	0.666666666667	0.727272727273	0.005022	1.0	1.0	0.0434782608696	0.05	1.0	0.00401606425703	0.714285714286	1.0	9.51
1.0	0.98	1.0	0.416666666667	0.444444444444	0.0	0.001126	0.0	0.333333333333	0.95652173913	0.05	0.0	0.00401606425703	0.714285714286	1.0	1.99
1.0	0.08	0.999	0.416666666667	0.666666666667	0.0	0.008308	0.0	0.0	0.0	0.05	0.0	0.0160642570281	0.714285714286	1.0	2.25
1.0	0.86	1.0	0.5	0.444444444444	0.818181818182	0.00479	1.0	0.166666666667	0.0434782608696	0.05	0.0	0.00401606425703	0.714285714286	1.0	52.75
1.0	0.98	1.0	0.25	0.222222222222	0.0909090909091	0.000114	0.833333333333	0.333333333333	0.95652173913	0.1	1.0	1.0	1.0	1.0	1.99
1.0	0.96	1.0	0.333333333333	0.666666666667	0.0	0.000422	0.5	0.5	0.695652173913	0.05	1.0	0.160642570281	1.0	0.0	1.98
1.0	0.56	1.0	0.416666666667	0.666666666667	0.0	0.000566	0.166666666667	0.166666666667	0.130434782609	0.25	0.0	0.00401606425703	0.714285714286	0.0	15.51
1.0	0.06	1.0	0.416666666667	0.666666666667	0.0	0.000258	0.333333333333	0.333333333333	0.0869565217391	0.25	1.0	0.160642570281	1.0	0.0	13.77
1.0	0.14	1.0	0.5	0.666666666667	0.0909090909091	0.00054	0.166666666667	0.166666666667	0.782608695652	0.05	1.0	0.160642570281	1.0	1.0	0.99
1.0	0.7	1.0	0.416666666667	0.222222222222	0.0	0.000738	1.0	0.5	0.782608695652	0.05	0.0	0.00401606425703	0.714285714286	1.0	12.06
1.0	0.86	1.0	0.333333333333	0.666666666667	0.0	0.000576	0.166666666667	0.166666666667	0.0434782608696	0.2	0.0	0.00401606425703	0.714285714286	0.0	0.41
1.0	0.28	1.0	0.25	0.666666666667	0.363636363636	0.002344	0.0	0.0	0.0434782608696	0.1	0.0	0.00401606425703	1.0	0.0	1.82
0.0	0.92	1.0	0.416666666667	0.666666666667	0.0	0.007128	0.833333333333	0.833333333333	0.695652173913	0.15	0.0	0.0120481927711	0.714285714286	0.0	1.95
1.0	0.86	0.998	0.416666666667	0.666666666667	0.0	0.00171	0.5	0.5	0.826086956522	0.15	0.0	0.00401606425703	0.714285714286	0.0	0.59
1.0	0.14	1.0	0.166666666667	0.666666666667	0.0	0.001296	0.333333333333	0.333333333333	0.521739130435	0.15	0.0	0.00401606425703	0.714285714286	1.0	3.95
0.0	0.02	0.995	0.416666666667	0.444444444444	0.0	0.000404	0.5	0.833333333333	0.0434782608696	0.05	0.0	1.0	0.714285714286	1.0	4.25
1.0	0.08	1.0	0.25	0.666666666667	0.0909090909091	0.001384	0.5	0.5	0.869565217391	0.05	0.0	1.0	0.714285714286	1.0	6.0
1.0	0.82	1.0	0.166666666667	0.666666666667	0.0	7.8e-05	0.333333333333	0.333333333333	0.0869565217391	0.1	1.0	0.160642570281	1.0	1.0	6.5
1.0	0.06	0.99	0.416666666667	0.666666666667	0.0	0.000886	0.166666666667	0.166666666667	0.739130434783	0.05	0.0	1.0	0.714285714286	1.0	3.5
1.0	0.86	1.0	0.25	0.666666666667	0.0909090909091	0.000156	0.5	0.5	0.434782608696	0.05	0.0	0.00401606425703	0.714285714286	1.0	4.99
1.0	0.7	1.0	0.25	0.666666666667	0.0909090909091	0.000322	0.166666666667	0.166666666667	0.0869565217391	0.1	1.0	0.160642570281	1.0	0.0	1.25
1.0	0.02	1.0	0.166666666667	0.666666666667	0.0909090909091	0.000288	0.0	0.0	0.0869565217391	0.15	1.0	1.0	1.0	1.0	0.59
1.0	0.1	1.0	0.166666666667	0.444444444444	0.181818181818	0.000188	0.666666666667	1.0	0.652173913043	0.1	0.0	0.00401606425703	0.714285714286	0.0	3.49
1.0	0.02	1.0	0.166666666667	0.666666666667	0.454545454545	0.000432	0.833333333333	0.833333333333	0.95652173913	0.15	0.0	0.00401606425703	1.0	0.0	16.0
1.0	0.02	1.0	0.333333333333	0.444444444444	0.0909090909091	9.6e-05	0.333333333333	0.666666666667	0.130434782609	0.1	1.0	1.0	1.0	0.0	3.99
1.0	0.02	1.0	0.416666666667	0.666666666667	0.0	0.005636	0.833333333333	0.833333333333	0.0434782608696	0.05	0.0	0.00401606425703	0.428571428571	1.0	9.99
1.0	0.98	0.984	0.25	0.444444444444	0.0	0.000162	0.166666666667	0.5	0.739130434783	0.1	0.0	0.00401606425703	0.428571428571	1.0	1.5
1.0	0.06	1.0	0.25	0.444444444444	0.0	0.00018	0.666666666667	1.0	0.130434782609	0.1	1.0	0.160642570281	1.0	1.0	1.0
1.0	0.08	1.0	0.166666666667	0.666666666667	0.727272727273	0.000908	0.166666666667	0.166666666667	0.130434782609	0.1	0.0	0.00401606425703	0.714285714286	0.0	1.99
1.0	0.02	0.99	0.416666666667	0.666666666667	0.454545454545	0.00247	0.0	0.0	0.0	0.05	0.0	1.0	1.0	1.0	2.02
1.0	0.08	1.0	0.416666666667	0.666666666667	0.545454545455	0.001802	0.333333333333	0.333333333333	1.0	0.05	0.0	0.00401606425703	0.714285714286	1.0	0.99
1.0	0.14	1.0	0.25	0.666666666667	0.272727272727	0.002252	0.0	0.0	0.0434782608696	0.05	0.0	1.0	1.0	1.0	1.99
1.0	0.08	0.999	0.416666666667	0.666666666667	0.0	0.000158	0.166666666667	0.166666666667	0.869565217391	0.05	0.0	0.00401606425703	0.714285714286	1.0	1.29
1.0	0.92	1.0	0.5	0.666666666667	0.0	0.000258	0.666666666667	0.666666666667	0.0434782608696	0.05	0.0	1.0	0.714285714286	1.0	1.04
1.0	0.02	1.0	0.25	0.666666666667	0.0909090909091	0.003974	0.833333333333	0.833333333333	0.173913043478	0.05	0.0	1.0	1.0	1.0	7.5
1.0	0.86	1.0	0.166666666667	0.666666666667	0.0909090909091	0.000428	1.0	1.0	1.0	0.1	1.0	0.160642570281	1.0	1.0	19.37
1.0	0.12	1.0	0.416666666667	0.666666666667	0.0909090909091	0.0002	0.333333333333	0.333333333333	0.130434782609	0.2	1.0	0.0120481927711	1.0	0.0	22.0
1.0	0.14	0.995	0.416666666667	0.444444444444	0.0	0.000306	0.833333333333	0.0	0.0	0.05	0.0	1.0	0.714285714286	1.0	0.99
1.0	0.14	1.0	0.333333333333	0.666666666667	0.0909090909091	0.001782	1.0	1.0	0.0869565217391	0.05	0.0	1.0	1.0	1.0	22.3
1.0	0.02	1.0	0.25	0.666666666667	0.454545454545	0.000814	0.166666666667	0.166666666667	0.913043478261	0.15	0.0	0.00401606425703	0.714285714286	0.0	7.5
1.0	0.06	1.0	0.25	0.444444444444	0.454545454545	0.00277	1.0	0.166666666667	0.0	0.05	0.0	1.0	1.0	1.0	18.0
1.0	0.02	1.0	0.25	0.666666666667	0.0	0.000122	0.5	0.5	0.95652173913	0.15	0.0	0.00401606425703	0.428571428571	1.0	10.5
1.0	0.06	1.0	0.25	0.666666666667	0.454545454545	0.001344	0.333333333333	0.333333333333	0.608695652174	0.1	0.0	0.00401606425703	1.0	1.0	14.0
1.0	0.1	0.955	0.416666666667	0.666666666667	0.0909090909091	0.000326	0.333333333333	0.333333333333	0.0869565217391	0.15	0.0	1.0	1.0	0.0	3.75
1.0	0.56	1.0	0.416666666667	0.0	1.0	0.00086	0.0	1.0	0.0434782608696	0.05	1.0	0.160642570281	1.0	1.0	32.99
1.0	0.96	1.0	0.166666666667	0.222222222222	0.0909090909091	0.001172	0.166666666667	0.833333333333	0.478260869565	0.15	0.0	0.00401606425703	0.714285714286	1.0	0.99
1.0	0.14	1.0	0.0833333333333	0.222222222222	0.0	0.000154	0.5	0.0	0.0869565217391	0.1	1.0	0.160642570281	1.0	0.0	7.49
1.0	0.06	0.999	0.5	0.666666666667	0.272727272727	0.00199	0.666666666667	0.666666666667	0.434782608696	0.05	0.0	1.0	1.0	1.0	1.99
1.0	0.06	1.0	0.5	0.444444444444	0.272727272727	0.000828	0.833333333333	0.0	1.0	0.05	0.0	1.0	1.0	1.0	0.99
1.0	0.86	1.0	0.25	0.444444444444	0.272727272727	0.00167	1.0	0.166666666667	0.217391304348	0.05	0.0	0.00401606425703	0.714285714286	1.0	19.51
1.0	0.86	1.0	0.5	0.444444444444	0.818181818182	0.004728	1.0	0.166666666667	0.0434782608696	0.05	0.0	0.00401606425703	0.714285714286	1.0	61.0
1.0	0.14	0.998	0.333333333333	0.666666666667	0.0909090909091	0.001246	0.166666666667	0.166666666667	0.608695652174	0.1	1.0	1.0	1.0	0.0	1.5
1.0	0.14	0.998	0.416666666667	0.666666666667	0.0	0.00171	0.166666666667	0.166666666667	0.695652173913	0.15	0.0	0.00401606425703	0.714285714286	0.0	8.0
1.0	0.98	1.0	0.583333333333	0.222222222222	0.0	0.004188	0.333333333333	1.0	0.0	0.05	0.0	1.0	1.0	1.0	6.5
0.0	0.1	1.0	0.416666666667	0.666666666667	0.272727272727	0.002042	0.0	0.0	0.0434782608696	0.05	0.0	1.0	0.428571428571	1.0	6.04
1.0	0.08	0.999	0.416666666667	0.666666666667	0.0	0.000158	0.166666666667	0.166666666667	0.869565217391	0.05	0.0	0.00401606425703	0.714285714286	1.0	1.29
1.0	0.86	1.0	0.5	0.444444444444	0.909090909091	0.005154	0.833333333333	0.0	0.0	0.05	0.0	0.00401606425703	0.714285714286	1.0	21.5
1.0	0.02	0.998	0.416666666667	0.666666666667	0.0	0.001454	0.5	0.5	0.826086956522	0.1	0.0	0.00401606425703	0.714285714286	0.0	0.97
1.0	0.14	0.99	0.416666666667	0.444444444444	0.0	0.00022	0.833333333333	0.0	0.95652173913	0.1	1.0	0.160642570281	1.0	0.0	0.99
1.0	0.86	0.999	0.5	0.666666666667	0.272727272727	0.00197	0.166666666667	0.166666666667	0.608695652174	0.05	0.0	1.0	1.0	1.0	2.99
1.0	0.1	1.0	0.333333333333	0.666666666667	0.0	0.000928	1.0	1.0	0.0434782608696	0.05	0.0	0.00401606425703	0.714285714286	1.0	9.99
1.0	0.86	1.0	0.333333333333	0.222222222222	0.0909090909091	0.00125	1.0	0.5	0.913043478261	0.15	1.0	0.00401606425703	1.0	0.0	29.99
1.0	0.12	1.0	0.5	0.666666666667	0.0909090909091	0.001548	0.833333333333	0.833333333333	0.782608695652	0.05	0.0	1.0	1.0	1.0	8.05
0.0	0.02	0.993	0.583333333333	0.444444444444	0.363636363636	0.002638	1.0	0.166666666667	0.565217391304	0.15	0.0	1.0	1.0	1.0	0.99
1.0	0.08	0.999	0.416666666667	0.666666666667	0.0	0.000958	0.0	0.0	0.0869565217391	0.15	0.0	0.00401606425703	0.714285714286	0.0	0.19
1.0	0.06	1.0	0.25	0.666666666667	0.545454545455	0.002814	0.833333333333	0.833333333333	0.130434782609	0.05	0.0	1.0	1.0	1.0	16.0
1.0	-0.04	1.0	0.333333333333	0.444444444444	0.363636363636	0.00162	0.166666666667	0.5	0.173913043478	0.15	0.0	1.0	0.714285714286	0.0	0.99
1.0	0.56	1.0	0.416666666667	0.666666666667	0.0909090909091	0.001706	0.666666666667	0.666666666667	0.0434782608696	0.05	0.0	1.0	1.0	1.0	7.0
1.0	0.14	0.998	0.416666666667	0.666666666667	0.0	0.00171	0.5	0.5	0.826086956522	0.15	0.0	0.00401606425703	0.714285714286	0.0	0.29
1.0	-0.04	0.997	0.416666666667	0.666666666667	0.0	0.001196	0.0	0.0	0.0	0.05	0.0	1.0	1.0	1.0	0.99
1.0	0.06	1.0	0.5	0.444444444444	0.818181818182	0.004658	0.833333333333	0.0	0.0434782608696	0.05	0.0	0.00401606425703	0.714285714286	1.0	20.51
1.0	0.02	0.992	0.416666666667	0.666666666667	0.0	0.000434	0.5	0.5	0.0434782608696	0.05	0.0	0.00401606425703	0.714285714286	1.0	22.5
1.0	0.06	1.0	0.416666666667	0.222222222222	0.0	0.001048	0.0	0.666666666667	0.739130434783	0.05	0.0	0.00401606425703	0.714285714286	1.0	10.0
1.0	0.14	1.0	0.416666666667	0.0	0.181818181818	0.002024	1.0	0.833333333333	0.0434782608696	0.05	1.0	0.160642570281	1.0	1.0	22.99
0.0	0.02	1.0	0.25	0.666666666667	0.545454545455	0.000196	0.333333333333	0.333333333333	0.95652173913	0.1	1.0	0.160642570281	1.0	0.0	8.99
1.0	0.14	0.998	0.333333333333	0.666666666667	0.0909090909091	0.001066	0.5	0.5	0.739130434783	0.1	1.0	0.160642570281	1.0	0.0	0.97
1.0	0.64	1.0	0.416666666667	0.0	0.0	0.0015	0.5	0.333333333333	0.260869565217	0.05	0.0	1.0	0.714285714286	1.0	1.89
1.0	0.06	1.0	0.333333333333	0.666666666667	0.0	0.000178	0.166666666667	0.166666666667	0.739130434783	0.15	0.0	0.00401606425703	1.0	0.0	2.75
1.0	0.02	0.98	0.166666666667	0.666666666667	0.0	9.6e-05	1.0	1.0	0.130434782609	0.05	0.0	0.00401606425703	0.714285714286	0.0	0.99
1.0	0.02	1.0	0.416666666667	0.666666666667	0.0	0.000524	0.0	0.0	0.608695652174	0.15	0.0	0.00401606425703	0.714285714286	0.0	19.99
1.0	0.14	1.0	0.5	0.444444444444	0.0	0.001214	0.833333333333	0.0	0.130434782609	0.05	0.0	0.00401606425703	0.714285714286	1.0	2.25
1.0	0.86	1.0	0.416666666667	0.444444444444	0.545454545455	0.000636	0.666666666667	1.0	0.0	0.2	0.0	0.00803212851406	1.0	0.0	15.0
1.0	0.86	0.981	0.416666666667	0.666666666667	0.454545454545	0.000522	1.0	1.0	0.0	0.15	0.0	1.0	0.714285714286	1.0	2.0
1.0	0.14	1.0	0.416666666667	0.444444444444	0.363636363636	0.001678	0.666666666667	1.0	0.913043478261	0.05	0.0	0.00401606425703	0.714285714286	1.0	16.0
1.0	0.14	0.999	0.416666666667	0.666666666667	0.0	0.00839	0.0	0.0	0.0434782608696	0.05	0.0	0.0160642570281	0.714285714286	1.0	2.8
1.0	0.12	0.974	0.0833333333333	0.666666666667	0.0	9.6e-05	0.5	0.5	0.869565217391	0.1	0.0	0.00401606425703	0.714285714286	0.0	0.99
0.0	0.02	0.999	0.416666666667	0.444444444444	0.181818181818	0.001482	1.0	0.166666666667	0.826086956522	0.05	0.0	0.00401606425703	0.714285714286	1.0	0.49
1.0	0.06	1.0	0.416666666667	0.666666666667	0.0	0.0007	0.666666666667	0.666666666667	0.0434782608696	0.05	0.0	1.0	1.0	0.0	24.75
1.0	0.1	1.0	0.333333333333	0.666666666667	0.0	0.000766	0.0	0.0	0.0	0.1	0.0	0.00401606425703	0.714285714286	1.0	1.99
1.0	0.86	0.994	0.333333333333	0.0	0.0	0.000324	0.5	0.333333333333	0.869565217391	0.1	0.0	0.0240963855422	0.714285714286	0.0	19.0
0.0	0.06	1.0	0.416666666667	0.666666666667	0.0	0.000606	0.833333333333	0.833333333333	0.565217391304	0.15	1.0	0.160642570281	1.0	0.0	1.25
1.0	0.56	0.994	0.333333333333	0.222222222222	0.0909090909091	0.00082	0.0	0.666666666667	0.217391304348	0.1	0.0	0.0240963855422	0.714285714286	0.0	1.25
1.0	0.12	1.0	0.416666666667	0.222222222222	0.272727272727	0.011056	0.333333333333	1.0	0.869565217391	0.05	0.0	1.0	0.714285714286	1.0	4.49
1.0	0.02	1.0	0.0833333333333	0.666666666667	0.181818181818	0.000506	0.333333333333	0.333333333333	0.173913043478	0.15	1.0	1.0	1.0	0.0	2.0
1.0	0.08	1.0	0.25	0.666666666667	0.272727272727	0.000332	0.5	0.5	0.0434782608696	0.1	1.0	0.160642570281	1.0	0.0	2.99
1.0	0.14	1.0	0.25	0.222222222222	0.0	0.002088	0.333333333333	1.0	0.173913043478	0.1	0.0	0.00401606425703	0.714285714286	0.0	12.99
1.0	0.14	1.0	0.25	0.666666666667	0.0	0.0019	0.5	0.5	0.826086956522	0.1	0.0	0.00401606425703	0.714285714286	0.0	5.01
1.0	0.14	0.999	0.583333333333	0.666666666667	0.0909090909091	0.001794	0.0	0.0	0.0434782608696	0.05	0.0	1.0	1.0	1.0	13.5
1.0	0.14	0.997	0.416666666667	0.666666666667	0.363636363636	0.001858	0.0	0.0	0.95652173913	0.05	1.0	0.160642570281	1.0	1.0	3.0
1.0	0.7	1.0	0.25	0.666666666667	0.0909090909091	0.00036	0.5	0.5	0.695652173913	0.1	1.0	0.160642570281	1.0	0.0	3.25
1.0	0.06	1.0	0.25	0.666666666667	0.0	0.000606	0.833333333333	0.833333333333	0.0869565217391	0.05	1.0	0.0160642570281	1.0	1.0	1.5
1.0	0.66	0.999	0.5	0.666666666667	0.454545454545	0.001892	0.833333333333	0.833333333333	0.0	0.05	0.0	1.0	1.0	1.0	21.01
1.0	0.06	1.0	0.333333333333	0.444444444444	0.818181818182	0.00162	0.333333333333	0.666666666667	0.0869565217391	0.15	0.0	1.0	0.714285714286	0.0	6.99
1.0	0.14	1.0	0.0	0.666666666667	0.0	0.000102	0.833333333333	0.833333333333	1.0	0.1	0.0	0.00401606425703	1.0	0.0	3.25
1.0	0.12	1.0	0.25	0.666666666667	0.181818181818	0.000408	0.5	0.5	0.739130434783	0.1	0.0	0.00401606425703	0.714285714286	0.0	1.99
1.0	0.06	0.996	0.416666666667	0.666666666667	0.363636363636	0.000616	1.0	1.0	0.0434782608696	0.05	0.0	1.0	0.714285714286	1.0	14.99
1.0	0.1	0.998	0.583333333333	0.666666666667	0.0	0.000332	0.333333333333	0.333333333333	0.173913043478	0.05	0.0	1.0	0.714285714286	1.0	15.5
1.0	0.02	0.992	0.25	0.666666666667	0.0909090909091	0.000202	1.0	1.0	0.521739130435	0.15	1.0	1.0	1.0	1.0	0.67
1.0	0.14	0.952	0.0833333333333	0.666666666667	0.0	0.000362	0.333333333333	0.333333333333	0.478260869565	0.05	0.0	1.0	1.0	0.0	20.86
1.0	0.06	1.0	0.333333333333	0.666666666667	0.0	0.000286	0.833333333333	0.833333333333	0.0	0.1	1.0	0.160642570281	1.0	0.0	2.99
1.0	0.14	0.996	0.333333333333	0.666666666667	0.0909090909091	0.0008	0.666666666667	0.666666666667	0.913043478261	0.1	0.0	0.00401606425703	0.714285714286	0.0	3.0
1.0	0.12	1.0	0.166666666667	0.666666666667	0.454545454545	0.001428	0.833333333333	0.833333333333	0.130434782609	0.1	0.0	0.00401606425703	0.714285714286	0.0	22.99
1.0	0.1	0.997	0.416666666667	0.666666666667	0.0	0.002104	0.833333333333	0.833333333333	1.0	0.1	1.0	1.0	1.0	0.0	4.25
1.0	0.86	1.0	0.333333333333	0.666666666667	0.0909090909091	0.0009	0.833333333333	0.833333333333	0.782608695652	0.05	0.0	0.00401606425703	0.714285714286	1.0	2.99
1.0	0.96	1.0	0.333333333333	0.666666666667	0.272727272727	0.00111	1.0	1.0	0.217391304348	0.05	0.0	0.00401606425703	0.714285714286	1.0	4.49
1.0	0.86	1.0	0.25	0.666666666667	0.181818181818	5.8e-05	1.0	1.0	0.130434782609	0.1	1.0	0.160642570281	1.0	0.0	15.0
1.0	0.14	1.0	0.25	0.666666666667	0.181818181818	0.001078	1.0	1.0	1.0	0.1	1.0	0.160642570281	1.0	0.0	2.0
1.0	0.06	1.0	0.0833333333333	0.444444444444	0.0	0.000806	0.5	0.833333333333	0.130434782609	0.1	0.0	0.00401606425703	0.714285714286	0.0	25.19
1.0	0.86	1.0	0.416666666667	0.222222222222	0.0	0.000572	0.666666666667	0.166666666667	0.130434782609	0.1	0.0	0.00401606425703	0.714285714286	0.0	23.5
1.0	0.02	1.0	0.25	0.666666666667	0.0	2.2e-05	0.333333333333	0.333333333333	0.347826086957	0.1	1.0	0.160642570281	1.0	0.0	12.5
1.0	0.02	1.0	0.25	0.666666666667	0.545454545455	0.000566	0.5	0.5	0.0434782608696	0.1	0.0	0.00401606425703	1.0	0.0	1.99
0.0	0.14	1.0	0.416666666667	0.666666666667	0.363636363636	0.000572	0.5	0.5	0.739130434783	0.05	0.0	1.0	1.0	1.0	3.99
1.0	0.92	1.0	0.416666666667	0.666666666667	0.272727272727	0.000686	1.0	1.0	0.0434782608696	0.2	0.0	0.00803212851406	1.0	0.0	19.55
1.0	0.06	1.0	0.25	0.666666666667	0.545454545455	0.000946	0.5	0.5	0.173913043478	0.1	1.0	0.160642570281	1.0	0.0	4.99
1.0	0.08	0.995	0.416666666667	0.666666666667	0.0	0.000566	0.666666666667	0.666666666667	0.0434782608696	0.25	1.0	0.0120481927711	1.0	0.0	1.04
1.0	0.56	1.0	0.0	0.666666666667	0.0	7.8e-05	0.833333333333	0.833333333333	0.913043478261	0.1	0.0	0.00401606425703	1.0	0.0	10.6
1.0	0.98	1.0	0.25	0.666666666667	0.0909090909091	0.000456	1.0	1.0	0.652173913043	0.1	0.0	0.00401606425703	0.714285714286	0.0	0.99
1.0	0.14	0.995	0.416666666667	0.444444444444	0.0	0.000306	0.833333333333	0.0	0.913043478261	0.05	0.0	1.0	0.714285714286	1.0	9.0
1.0	0.14	0.996	0.416666666667	0.666666666667	0.0	0.000516	0.5	0.5	0.0869565217391	0.05	0.0	1.0	1.0	1.0	1.34
1.0	0.96	1.0	0.25	0.666666666667	0.0909090909091	0.000128	0.833333333333	0.833333333333	1.0	0.1	1.0	0.160642570281	1.0	1.0	4.0
1.0	0.1	1.0	0.0	0.222222222222	0.0909090909091	0.000704	0.666666666667	0.166666666667	0.0	0.05	0.0	1.0	1.0	1.0	2.0
1.0	0.56	1.0	0.25	0.666666666667	0.0	0.001822	0.5	0.5	0.782608695652	0.1	0.0	0.00401606425703	0.714285714286	0.0	2.99
1.0	0.14	1.0	0.416666666667	0.666666666667	0.363636363636	0.002336	1.0	1.0	1.0	0.15	1.0	0.160642570281	1.0	0.0	0.25
1.0	0.1	1.0	0.416666666667	0.666666666667	0.181818181818	0.001912	1.0	1.0	0.782608695652	0.05	0.0	1.0	1.0	0.0	3.76
1.0	0.06	1.0	0.25	0.666666666667	0.0	8e-05	0.666666666667	0.666666666667	0.95652173913	0.15	0.0	0.00401606425703	0.714285714286	0.0	2.04
1.0	0.12	1.0	0.25	0.666666666667	1.0	0.004084	0.5	0.5	0.217391304348	0.15	1.0	0.160642570281	1.0	1.0	3.49
1.0	0.12	1.0	0.5	0.666666666667	0.0909090909091	0.001546	0.833333333333	0.833333333333	0.782608695652	0.05	0.0	1.0	1.0	1.0	5.51
1.0	0.08	1.0	0.333333333333	0.666666666667	0.0	0.00116	1.0	1.0	1.0	0.1	1.0	1.0	1.0	0.0	0.99
1.0	0.82	1.0	0.416666666667	0.666666666667	0.0909090909091	0.000334	0.0	0.0	0.0	0.1	0.0	0.00401606425703	0.714285714286	0.0	1.49
1.0	0.02	0.997	0.333333333333	0.444444444444	0.0	0.001708	0.166666666667	0.5	1.0	0.15	1.0	0.0120481927711	1.0	0.0	2.29
1.0	0.14	1.0	0.416666666667	0.666666666667	0.454545454545	0.002494	1.0	1.0	0.782608695652	0.05	0.0	1.0	1.0	0.0	19.3
1.0	0.02	1.0	0.5	0.444444444444	0.0909090909091	0.000202	1.0	0.166666666667	0.0869565217391	0.05	1.0	0.0481927710843	1.0	1.0	51.99
1.0	0.02	0.99	0.333333333333	0.666666666667	0.0909090909091	0.00936	0.333333333333	0.333333333333	0.0869565217391	0.15	0.0	1.0	1.0	1.0	3.25
1.0	0.14	0.997	0.416666666667	0.666666666667	0.0	0.001234	0.666666666667	0.666666666667	0.0434782608696	0.05	0.0	1.0	1.0	1.0	3.8
1.0	0.82	1.0	0.25	0.666666666667	0.0909090909091	0.001168	0.333333333333	0.333333333333	0.0869565217391	0.05	0.0	0.00401606425703	0.714285714286	1.0	2.25
1.0	0.12	1.0	0.5	0.666666666667	0.0909090909091	0.001544	0.833333333333	0.833333333333	0.782608695652	0.05	0.0	1.0	1.0	1.0	9.5
1.0	0.1	1.0	0.416666666667	0.666666666667	0.0909090909091	0.000214	0.0	0.0	0.0434782608696	0.1	0.0	0.00401606425703	0.714285714286	0.0	1.49
1.0	0.7	1.0	0.25	0.666666666667	0.0909090909091	0.000852	0.833333333333	0.833333333333	0.739130434783	0.1	1.0	0.160642570281	1.0	0.0	1.82
1.0	0.1	1.0	0.25	0.444444444444	0.181818181818	0.000814	0.666666666667	1.0	0.608695652174	0.05	0.0	0.00401606425703	0.714285714286	0.0	3.99
1.0	0.96	1.0	0.166666666667	0.666666666667	0.181818181818	0.001308	0.833333333333	0.833333333333	0.826086956522	0.15	0.0	0.00401606425703	1.0	0.0	7.0
0.0	0.02	1.0	0.5	0.666666666667	0.181818181818	0.000864	0.333333333333	0.333333333333	0.869565217391	0.05	0.0	0.00401606425703	0.714285714286	1.0	6.99
1.0	0.06	0.998	0.25	0.666666666667	0.0	0.001824	0.5	0.5	0.0434782608696	0.05	0.0	1.0	1.0	1.0	1.29
1.0	0.86	1.0	0.333333333333	0.444444444444	0.818181818182	0.00162	0.333333333333	0.666666666667	0.0869565217391	0.15	0.0	1.0	0.714285714286	0.0	8.5
1.0	0.06	1.0	0.333333333333	0.444444444444	0.636363636364	0.00315	0.333333333333	0.666666666667	0.130434782609	0.05	0.0	0.00401606425703	1.0	1.0	15.5
1.0	0.56	0.997	0.416666666667	0.666666666667	0.0	0.00118	0.0	0.0	0.0434782608696	0.05	0.0	1.0	1.0	1.0	0.99
1.0	0.86	1.0	0.416666666667	0.666666666667	0.181818181818	0.000744	1.0	1.0	0.95652173913	0.2	0.0	0.00803212851406	1.0	0.0	13.99
1.0	0.14	1.0	0.333333333333	1.0	0.272727272727	0.003874	0.0	0.666666666667	0.695652173913	0.15	1.0	0.160642570281	1.0	1.0	23.62
0.0	1.0	1.0	0.25	0.222222222222	0.0909090909091	0.00084	0.166666666667	0.833333333333	1.0	0.05	0.0	1.0	0.714285714286	1.0	5.99
1.0	0.88	1.0	0.416666666667	0.666666666667	0.0	0.000586	0.666666666667	0.666666666667	0.0434782608696	0.05	0.0	1.0	1.0	0.0	12.51
1.0	0.08	0.999	0.416666666667	0.666666666667	0.0	0.000158	0.166666666667	0.166666666667	0.869565217391	0.05	0.0	0.00401606425703	0.714285714286	1.0	1.29
1.0	0.14	0.998	0.416666666667	0.666666666667	0.0	0.00171	0.5	0.5	0.826086956522	0.15	0.0	0.00401606425703	0.714285714286	0.0	0.29
1.0	0.56	0.981	0.416666666667	0.666666666667	0.454545454545	0.000558	1.0	1.0	0.739130434783	0.15	0.0	1.0	0.714285714286	1.0	3.0
1.0	0.06	0.998	0.416666666667	0.666666666667	0.0	0.00145	1.0	1.0	0.0869565217391	0.05	0.0	1.0	1.0	1.0	1.29
1.0	0.98	0.997	0.333333333333	0.666666666667	0.272727272727	4e-05	0.166666666667	0.166666666667	0.913043478261	0.1	1.0	0.160642570281	1.0	1.0	2.04
0.0	0.1	1.0	0.416666666667	0.666666666667	0.727272727273	0.000748	0.5	0.5	0.695652173913	0.05	0.0	1.0	1.0	1.0	9.11
1.0	0.14	1.0	0.333333333333	0.222222222222	0.363636363636	0.000734	0.833333333333	0.333333333333	0.782608695652	0.1	0.0	0.00401606425703	0.714285714286	1.0	2.5
1.0	0.14	1.0	0.25	0.666666666667	0.727272727273	0.001804	0.0	0.0	0.0869565217391	0.05	0.0	0.00401606425703	0.428571428571	1.0	7.5
1.0	0.14	1.0	0.416666666667	0.666666666667	0.0	0.000974	0.833333333333	0.833333333333	0.608695652174	0.1	1.0	0.160642570281	1.0	0.0	25.26
1.0	0.14	0.996	0.416666666667	0.444444444444	0.181818181818	0.003044	0.666666666667	1.0	0.0434782608696	0.1	0.0	0.00401606425703	0.714285714286	0.0	61.0
1.0	0.02	1.0	0.25	0.666666666667	0.181818181818	0.001996	0.333333333333	0.333333333333	0.95652173913	0.1	1.0	0.160642570281	1.0	0.0	18.48
1.0	0.96	1.0	0.333333333333	0.444444444444	0.909090909091	0.00162	0.333333333333	0.666666666667	0.0869565217391	0.15	0.0	1.0	0.714285714286	0.0	13.28
1.0	0.12	1.0	0.25	0.666666666667	0.0909090909091	0.001214	0.833333333333	0.833333333333	0.826086956522	0.05	0.0	1.0	0.714285714286	1.0	9.99
1.0	0.1	1.0	0.25	0.666666666667	0.0909090909091	0.00089	0.833333333333	0.833333333333	0.608695652174	0.1	1.0	0.160642570281	1.0	0.0	0.99
1.0	0.14	1.0	0.25	0.666666666667	0.0	0.000136	0.333333333333	0.333333333333	0.913043478261	0.15	1.0	0.160642570281	1.0	0.0	17.79
1.0	0.06	0.999	0.416666666667	0.666666666667	0.0	0.006368	0.666666666667	0.666666666667	1.0	0.05	0.0	0.0160642570281	0.714285714286	1.0	2.41
1.0	-0.04	1.0	0.416666666667	0.444444444444	0.0909090909091	0.000882	0.0	0.333333333333	0.0	0.15	0.0	0.0120481927711	0.428571428571	0.0	3.75
0.0	0.96	1.0	0.25	0.666666666667	0.454545454545	0.00185	0.833333333333	0.833333333333	0.826086956522	0.15	0.0	0.00401606425703	0.714285714286	1.0	13.0
1.0	0.06	1.0	0.333333333333	0.666666666667	0.0	0.000144	0.666666666667	0.666666666667	0.869565217391	0.15	0.0	0.00401606425703	1.0	0.0	1.0
1.0	0.02	0.995	0.416666666667	0.444444444444	0.0	0.000546	0.833333333333	0.0	0.608695652174	0.05	0.0	1.0	1.0	1.0	9.95
1.0	0.14	1.0	0.416666666667	0.666666666667	0.0	0.000644	0.666666666667	0.666666666667	0.0	0.15	1.0	0.160642570281	1.0	0.0	20.5
1.0	0.1	1.0	0.166666666667	0.666666666667	0.0	0.00296	0.666666666667	0.666666666667	0.95652173913	0.1	0.0	0.00401606425703	0.714285714286	0.0	15.99
1.0	0.86	0.998	0.333333333333	0.666666666667	0.0909090909091	0.001198	0.5	0.5	0.782608695652	0.1	1.0	1.0	1.0	0.0	0.97
1.0	0.96	0.999	0.416666666667	0.666666666667	0.0	0.008324	0.0	0.0	0.0	0.05	0.0	0.0160642570281	0.714285714286	1.0	3.23
1.0	0.06	0.997	0.333333333333	0.444444444444	0.181818181818	0.001696	0.833333333333	0.0	1.0	0.15	1.0	0.0120481927711	1.0	1.0	2.29
1.0	0.02	0.999	0.416666666667	0.666666666667	0.0	0.0085	0.833333333333	0.833333333333	0.0434782608696	0.05	0.0	0.0160642570281	0.714285714286	1.0	0.99
1.0	0.14	1.0	0.333333333333	0.222222222222	0.0909090909091	0.00105	0.0	0.666666666667	1.0	0.05	0.0	1.0	0.714285714286	0.0	23.0
1.0	0.96	1.0	0.25	0.222222222222	0.0909090909091	0.000128	0.833333333333	0.333333333333	0.95652173913	0.1	1.0	1.0	1.0	1.0	1.99
1.0	0.12	0.999	0.5	0.666666666667	0.363636363636	0.002396	0.5	0.5	0.695652173913	0.05	0.0	1.0	1.0	1.0	5.5
1.0	0.82	1.0	0.166666666667	0.666666666667	0.0	7.8e-05	0.666666666667	0.666666666667	0.0869565217391	0.1	1.0	0.160642570281	1.0	1.0	2.0
1.0	0.86	0.999	0.416666666667	0.666666666667	0.0	0.008332	0.0	0.0	0.0	0.05	0.0	0.0160642570281	0.714285714286	1.0	3.21
0.0	0.86	1.0	0.25	0.666666666667	0.181818181818	0.000618	0.0	0.0	0.0	0.1	0.0	0.00401606425703	0.714285714286	0.0	10.5
1.0	0.08	1.0	0.416666666667	0.666666666667	0.272727272727	0.004192	0.333333333333	0.333333333333	0.0869565217391	0.05	0.0	1.0	1.0	1.0	6.0
1.0	0.12	1.0	0.5	0.666666666667	0.0	0.000262	0.666666666667	0.666666666667	0.0434782608696	0.05	0.0	1.0	0.714285714286	1.0	5.5
1.0	0.14	0.997	0.416666666667	0.666666666667	0.0	0.001196	1.0	1.0	1.0	0.05	0.0	1.0	1.0	1.0	0.99
1.0	0.64	1.0	0.416666666667	0.444444444444	0.454545454545	0.001802	0.333333333333	0.666666666667	0.0	0.05	0.0	0.00401606425703	0.714285714286	1.0	0.99
1.0	0.08	1.0	0.416666666667	0.666666666667	0.181818181818	0.000606	0.5	0.5	0.0434782608696	0.05	0.0	1.0	1.0	0.0	0.99
1.0	0.86	1.0	0.416666666667	0.444444444444	0.545454545455	0.000636	0.833333333333	0.0	0.0434782608696	0.2	0.0	0.00803212851406	1.0	0.0	13.5
1.0	0.14	1.0	0.333333333333	0.0	0.181818181818	0.000614	0.5	0.333333333333	0.130434782609	0.1	0.0	0.00401606425703	0.714285714286	1.0	24.99
1.0	0.02	1.0	0.333333333333	0.666666666667	0.181818181818	0.000742	0.833333333333	0.833333333333	0.869565217391	0.15	1.0	0.160642570281	1.0	0.0	102.5
1.0	0.86	1.0	0.25	0.666666666667	0.363636363636	0.000532	0.666666666667	0.666666666667	0.95652173913	0.1	0.0	0.00401606425703	0.714285714286	0.0	0.99
1.0	0.98	1.0	0.25	0.666666666667	0.272727272727	0.002252	1.0	1.0	0.782608695652	0.05	0.0	1.0	1.0	1.0	1.99
1.0	0.02	1.0	0.5	0.444444444444	0.0909090909091	0.000214	1.0	0.166666666667	0.0869565217391	0.05	1.0	0.0481927710843	1.0	1.0	48.0
1.0	0.98	1.0	0.333333333333	0.222222222222	0.0909090909091	0.000148	0.666666666667	0.166666666667	0.739130434783	0.1	1.0	0.160642570281	1.0	0.0	2.49
1.0	0.14	1.0	0.25	0.666666666667	0.272727272727	0.003306	1.0	1.0	0.130434782609	0.05	0.0	1.0	1.0	1.0	1.99
1.0	0.08	0.999	0.416666666667	0.666666666667	0.0	0.000158	0.166666666667	0.166666666667	0.869565217391	0.05	0.0	0.00401606425703	0.714285714286	1.0	1.29
1.0	0.02	1.0	0.333333333333	0.666666666667	0.181818181818	0.00075	0.333333333333	0.333333333333	0.130434782609	0.15	1.0	0.160642570281	1.0	0.0	5.5
1.0	0.02	0.998	0.583333333333	0.666666666667	0.0	0.00033	0.333333333333	0.333333333333	0.173913043478	0.05	0.0	1.0	0.714285714286	1.0	4.97
1.0	0.06	1.0	0.25	0.666666666667	0.272727272727	0.005184	0.833333333333	0.833333333333	0.0	0.05	0.0	0.00401606425703	0.714285714286	1.0	1.04
1.0	0.98	1.0	0.333333333333	0.666666666667	0.0	0.000422	0.5	0.5	0.695652173913	0.05	1.0	0.160642570281	1.0	0.0	1.98
1.0	0.14	1.0	0.25	0.222222222222	0.545454545455	0.000244	1.0	0.5	0.95652173913	0.1	1.0	0.160642570281	1.0	0.0	0.99
1.0	0.14	0.999	0.416666666667	0.666666666667	0.0909090909091	0.00058	0.166666666667	0.166666666667	0.739130434783	0.05	1.0	0.160642570281	1.0	1.0	1.58
1.0	0.1	0.995	0.416666666667	0.444444444444	0.0	0.000306	0.666666666667	1.0	0.826086956522	0.05	0.0	1.0	0.714285714286	1.0	4.4
1.0	0.28	0.999	0.416666666667	0.666666666667	0.545454545455	0.00305	0.166666666667	0.166666666667	0.0434782608696	0.0	0.0	1.0	1.0	1.0	4.24
1.0	0.02	1.0	0.416666666667	0.666666666667	0.0	0.000662	0.166666666667	0.166666666667	0.0434782608696	0.05	0.0	1.0	1.0	0.0	6.5
1.0	0.12	0.997	0.583333333333	0.444444444444	0.0909090909091	0.002156	0.166666666667	0.5	0.0869565217391	0.25	0.0	1.0	0.714285714286	0.0	0.99
1.0	0.14	0.997	0.583333333333	0.222222222222	0.181818181818	0.00253	0.166666666667	0.833333333333	0.130434782609	0.25	0.0	1.0	0.714285714286	0.0	9.05
1.0	0.08	0.993	0.416666666667	0.666666666667	0.0909090909091	0.000982	0.666666666667	0.666666666667	0.95652173913	0.05	0.0	0.00401606425703	0.714285714286	1.0	0.99
1.0	0.06	1.0	0.333333333333	0.666666666667	0.0	0.000766	0.0	0.0	0.0	0.1	0.0	0.00401606425703	0.714285714286	1.0	2.25
1.0	0.98	0.999	0.416666666667	0.666666666667	0.0	0.008332	0.0	0.0	0.0	0.05	0.0	0.0160642570281	0.714285714286	1.0	3.45
1.0	0.86	1.0	0.416666666667	0.0	0.0	0.001624	0.333333333333	0.166666666667	0.0869565217391	0.1	1.0	0.160642570281	1.0	1.0	22.5
1.0	0.06	1.0	0.333333333333	0.444444444444	0.0909090909091	0.00071	0.0	0.333333333333	0.695652173913	0.05	1.0	0.160642570281	1.0	1.0	2.5
1.0	0.56	1.0	0.333333333333	0.444444444444	0.181818181818	0.001252	1.0	0.166666666667	1.0	0.1	0.0	0.00401606425703	0.714285714286	0.0	44.0
1.0	0.02	1.0	0.25	0.666666666667	0.0909090909091	0.000908	0.166666666667	0.166666666667	1.0	0.15	1.0	0.160642570281	1.0	0.0	0.99
1.0	0.06	1.0	0.333333333333	0.666666666667	0.0	0.000178	0.166666666667	0.166666666667	0.739130434783	0.15	0.0	0.00401606425703	1.0	0.0	4.8
1.0	0.56	0.998	0.333333333333	0.666666666667	0.0	0.000384	0.666666666667	0.666666666667	0.95652173913	0.05	0.0	0.00401606425703	0.714285714286	1.0	4.99
1.0	0.7	0.997	0.416666666667	0.666666666667	0.0	0.001706	0.0	0.0	0.0434782608696	0.05	0.0	0.00401606425703	0.714285714286	1.0	1.99
1.0	0.96	1.0	0.333333333333	0.666666666667	0.0	0.000422	0.5	0.5	0.695652173913	0.05	1.0	0.160642570281	1.0	0.0	1.98
1.0	0.02	1.0	0.5	0.444444444444	0.0909090909091	0.000202	0.833333333333	0.0	0.869565217391	0.05	1.0	0.0481927710843	1.0	1.0	46.58
1.0	0.14	0.997	0.416666666667	0.666666666667	0.0	0.001234	0.666666666667	0.666666666667	0.0434782608696	0.05	0.0	1.0	1.0	1.0	5.59
1.0	0.1	1.0	0.333333333333	0.666666666667	0.272727272727	0.000982	0.333333333333	0.333333333333	0.0	0.05	0.0	0.00401606425703	0.714285714286	1.0	1.99
1.0	0.96	0.955	0.416666666667	0.666666666667	0.0909090909091	0.000338	0.333333333333	0.333333333333	1.0	0.15	0.0	1.0	1.0	1.0	2.13
1.0	0.12	0.998	0.583333333333	0.666666666667	0.0	0.000344	0.333333333333	0.333333333333	0.173913043478	0.05	0.0	1.0	0.714285714286	1.0	13.22
1.0	0.4	0.997	0.583333333333	0.222222222222	0.181818181818	0.014138	0.666666666667	0.166666666667	0.0434782608696	0.25	0.0	1.0	0.714285714286	0.0	16.01
1.0	0.06	1.0	0.25	0.666666666667	0.454545454545	0.002344	0.0	0.0	0.0869565217391	0.1	0.0	0.00401606425703	1.0	0.0	17.5
1.0	0.06	1.0	0.166666666667	0.444444444444	0.0909090909091	0.00022	0.0	0.333333333333	0.173913043478	0.1	0.0	0.00401606425703	1.0	0.0	4.93
1.0	0.72	1.0	0.25	0.666666666667	0.727272727273	0.002332	0.5	0.5	0.826086956522	0.15	0.0	0.00401606425703	0.714285714286	0.0	24.5
1.0	0.78	1.0	0.25	0.666666666667	0.0	8.8e-05	0.833333333333	0.833333333333	0.869565217391	0.1	1.0	0.160642570281	1.0	0.0	3.25
1.0	0.02	1.0	0.416666666667	0.666666666667	0.0909090909091	0.00175	1.0	1.0	0.0434782608696	0.2	0.0	0.0281124497992	1.0	1.0	1.04
1.0	0.82	0.999	0.416666666667	0.666666666667	0.0	0.000992	0.0	0.0	0.130434782609	0.15	0.0	0.00401606425703	0.714285714286	0.0	2.25
1.0	0.98	1.0	0.416666666667	0.444444444444	0.272727272727	0.001774	0.833333333333	0.0	0.0	0.05	0.0	0.00401606425703	0.714285714286	1.0	0.99
1.0	0.98	1.0	0.25	0.444444444444	0.0909090909091	0.000114	0.0	0.333333333333	0.0869565217391	0.1	1.0	0.160642570281	1.0	1.0	1.99
1.0	0.14	0.999	0.5	0.666666666667	0.363636363636	0.001924	0.833333333333	0.833333333333	0.0	0.05	0.0	1.0	1.0	1.0	0.99
1.0	0.06	1.0	0.25	0.666666666667	0.0	0.00085	0.5	0.5	0.95652173913	0.15	0.0	0.00401606425703	0.714285714286	0.0	7.25
1.0	0.82	1.0	0.25	0.444444444444	0.0909090909091	0.0001	0.0	0.333333333333	1.0	0.1	0.0	0.00401606425703	0.714285714286	0.0	1.99
1.0	0.12	0.995	0.416666666667	0.444444444444	0.0	0.000306	0.666666666667	1.0	0.782608695652	0.05	0.0	1.0	0.714285714286	1.0	2.5
1.0	0.12	0.997	0.416666666667	0.666666666667	0.0	0.001192	1.0	1.0	1.0	0.05	0.0	1.0	1.0	1.0	3.25
1.0	0.06	0.997	0.5	0.222222222222	0.0909090909091	0.001056	0.5	0.0	0.0	0.1	0.0	0.0160642570281	0.714285714286	1.0	13.5
1.0	0.06	0.998	0.416666666667	0.666666666667	0.0	0.00171	0.5	0.5	0.826086956522	0.15	0.0	0.00401606425703	0.714285714286	0.0	0.59
1.0	0.06	1.0	0.25	0.444444444444	0.0	0.00018	0.0	0.333333333333	0.0869565217391	0.1	1.0	0.160642570281	1.0	1.0	1.0
1.0	0.06	0.99	0.416666666667	0.444444444444	0.0	0.000206	0.833333333333	0.0	0.95652173913	0.1	1.0	0.160642570281	1.0	0.0	0.99
1.0	0.96	1.0	0.416666666667	0.222222222222	0.0	0.001202	1.0	0.5	1.0	0.05	0.0	0.00401606425703	0.714285714286	1.0	1.49
1.0	0.1	1.0	0.5	0.666666666667	0.0909090909091	0.000258	0.666666666667	0.666666666667	0.130434782609	0.05	0.0	1.0	0.714285714286	1.0	21.56
1.0	0.52	1.0	0.25	0.666666666667	0.0909090909091	0.000462	0.0	0.0	0.0869565217391	0.1	0.0	0.00401606425703	0.428571428571	0.0	6.99
1.0	0.06	1.0	0.333333333333	0.222222222222	0.363636363636	0.000686	0.5	0.0	0.173913043478	0.1	0.0	0.00401606425703	0.714285714286	1.0	0.45
1.0	0.12	0.997	0.583333333333	0.444444444444	0.0909090909091	0.002156	0.166666666667	0.5	0.0869565217391	0.25	0.0	1.0	0.714285714286	0.0	2.04
1.0	0.1	1.0	0.333333333333	0.666666666667	0.0909090909091	0.00031	1.0	1.0	0.782608695652	0.25	1.0	0.160642570281	1.0	1.0	14.99
1.0	0.02	0.995	0.416666666667	0.444444444444	0.0	0.000306	0.666666666667	1.0	0.565217391304	0.05	0.0	1.0	0.714285714286	1.0	0.99
1.0	0.08	0.999	0.416666666667	0.666666666667	0.0	0.008284	0.5	0.5	0.0434782608696	0.05	0.0	0.0160642570281	0.714285714286	1.0	0.99
1.0	0.06	1.0	0.416666666667	0.666666666667	0.0	0.000786	0.833333333333	0.833333333333	0.826086956522	0.05	0.0	0.00401606425703	0.714285714286	1.0	18.0
1.0	0.56	0.999	0.583333333333	0.666666666667	0.0	0.001446	0.5	0.5	0.869565217391	0.2	0.0	1.0	0.714285714286	0.0	0.99
1.0	0.14	1.0	0.333333333333	0.666666666667	0.0	0.000804	0.833333333333	0.833333333333	0.0869565217391	0.05	0.0	0.0160642570281	0.714285714286	1.0	3.99
1.0	0.08	1.0	0.25	0.666666666667	0.363636363636	0.000958	0.5	0.5	0.0434782608696	0.15	0.0	0.00401606425703	1.0	1.0	12.5
1.0	0.02	1.0	0.25	0.666666666667	0.0	0.000416	0.833333333333	0.833333333333	0.95652173913	0.1	0.0	0.00401606425703	1.0	0.0	1.99
1.0	0.56	1.0	0.25	0.222222222222	0.0909090909091	0.000114	1.0	0.5	1.0	0.1	1.0	0.160642570281	1.0	1.0	1.99
1.0	0.14	1.0	0.25	0.222222222222	0.0909090909091	0.000124	0.333333333333	1.0	0.0869565217391	0.15	1.0	0.160642570281	1.0	0.0	21.65
1.0	0.14	0.998	0.333333333333	0.666666666667	0.0909090909091	0.001198	0.333333333333	0.333333333333	0.652173913043	0.1	0.0	0.00401606425703	0.714285714286	0.0	0.97
1.0	0.7	1.0	0.25	0.666666666667	0.0909090909091	0.000478	0.833333333333	0.833333333333	0.95652173913	0.15	1.0	0.160642570281	1.0	0.0	0.99
1.0	0.14	1.0	0.333333333333	0.666666666667	0.0	0.002312	0.833333333333	0.833333333333	0.826086956522	0.1	0.0	1.0	1.0	1.0	15.05
0.0	0.86	1.0	0.25	0.444444444444	0.181818181818	0.000566	1.0	0.166666666667	0.95652173913	0.1	0.0	0.00401606425703	0.714285714286	0.0	13.5
1.0	0.86	1.0	0.333333333333	0.666666666667	0.0	0.000788	0.333333333333	0.333333333333	0.0434782608696	0.05	0.0	1.0	1.0	1.0	27.89
1.0	0.1	1.0	0.333333333333	0.666666666667	0.0	0.00038	0.333333333333	0.333333333333	0.173913043478	0.05	0.0	0.0160642570281	0.714285714286	1.0	3.99
1.0	0.12	1.0	0.25	0.222222222222	0.0	0.000698	0.666666666667	0.166666666667	0.0434782608696	0.1	1.0	1.0	1.0	1.0	9.01
1.0	0.06	1.0	0.333333333333	0.444444444444	0.0909090909091	0.000424	1.0	0.166666666667	0.0	0.1	0.0	0.00401606425703	0.714285714286	0.0	42.41
1.0	0.86	1.0	0.416666666667	0.222222222222	0.545454545455	0.00082	1.0	0.5	0.0	0.05	0.0	1.0	1.0	1.0	9.99
1.0	0.06	0.999	0.416666666667	0.666666666667	0.0	0.008336	0.0	0.0	0.0	0.05	0.0	0.0160642570281	0.714285714286	1.0	3.45
1.0	0.06	1.0	0.333333333333	0.222222222222	0.363636363636	0.000734	0.666666666667	0.166666666667	0.739130434783	0.1	0.0	0.00401606425703	0.714285714286	1.0	0.01
1.0	0.06	0.999	0.416666666667	0.666666666667	0.0	0.008382	0.0	0.0	0.0434782608696	0.05	0.0	0.0160642570281	0.714285714286	1.0	2.77
1.0	0.06	1.0	0.166666666667	0.222222222222	0.363636363636	0.0004	1.0	0.5	0.95652173913	0.05	0.0	0.00401606425703	0.714285714286	1.0	0.99
1.0	0.12	1.0	0.333333333333	0.666666666667	0.272727272727	0.00634	0.5	0.5	0.565217391304	0.05	1.0	1.0	1.0	1.0	6.0
0.0	0.02	0.999	0.416666666667	0.444444444444	0.181818181818	0.001484	1.0	0.166666666667	0.826086956522	0.05	0.0	0.00401606425703	0.714285714286	1.0	16.0
1.0	0.06	0.99	0.25	0.666666666667	0.0909090909091	0.001264	0.333333333333	0.333333333333	0.695652173913	0.05	1.0	0.160642570281	1.0	1.0	2.0
1.0	0.14	1.0	0.25	0.666666666667	0.0	0.000164	0.0	0.0	0.652173913043	0.15	1.0	0.160642570281	1.0	0.0	23.0
1.0	0.06	1.0	0.25	0.666666666667	0.181818181818	0.000294	1.0	1.0	0.826086956522	0.1	1.0	0.160642570281	1.0	0.0	3.99
1.0	0.14	1.0	0.25	0.666666666667	0.0909090909091	0.00032	0.5	0.5	0.869565217391	0.15	1.0	0.160642570281	1.0	1.0	17.56
1.0	0.86	1.0	0.0833333333333	0.666666666667	0.636363636364	0.002064	1.0	1.0	0.826086956522	0.15	1.0	0.160642570281	1.0	0.0	6.99
1.0	0.06	1.0	0.25	0.222222222222	0.181818181818	0.00063	1.0	0.5	0.130434782609	0.15	0.0	0.00401606425703	0.714285714286	0.0	5.0
1.0	0.56	1.0	0.333333333333	0.666666666667	0.272727272727	0.00144	0.666666666667	0.666666666667	0.0869565217391	0.05	0.0	0.00401606425703	0.714285714286	1.0	23.99
1.0	0.08	0.996	0.416666666667	0.666666666667	0.0	0.002802	0.0	0.0	0.0434782608696	0.2	0.0	0.00401606425703	0.714285714286	0.0	1.8
0.0	0.86	1.0	0.25	0.222222222222	0.181818181818	0.000176	0.333333333333	1.0	0.826086956522	0.15	0.0	0.00401606425703	0.714285714286	1.0	0.99
0.0	0.08	1.0	0.416666666667	0.666666666667	0.181818181818	0.000496	0.333333333333	0.333333333333	0.869565217391	0.05	0.0	1.0	1.0	0.0	0.5
1.0	0.06	0.984	0.25	0.666666666667	0.272727272727	0.000428	0.833333333333	0.833333333333	0.173913043478	0.1	1.0	1.0	1.0	0.0	3.0
1.0	-0.04	1.0	0.333333333333	0.444444444444	0.363636363636	0.00162	0.166666666667	0.5	0.173913043478	0.15	0.0	1.0	0.714285714286	0.0	0.99
1.0	0.86	0.99	0.416666666667	0.444444444444	0.0	0.0002	1.0	0.166666666667	0.0	0.1	1.0	0.160642570281	1.0	0.0	0.99
1.0	0.02	0.998	0.25	0.666666666667	0.0	0.001824	0.833333333333	0.833333333333	0.913043478261	0.05	0.0	1.0	1.0	1.0	3.49
1.0	0.06	1.0	0.5	0.444444444444	0.636363636364	0.004828	1.0	0.166666666667	0.0	0.05	0.0	0.00401606425703	0.714285714286	1.0	13.5
1.0	0.14	0.963	0.25	0.222222222222	0.0	0.000248	0.833333333333	0.333333333333	0.0434782608696	0.15	0.0	0.00401606425703	1.0	0.0	22.5
1.0	0.06	0.955	0.166666666667	0.444444444444	0.181818181818	0.001102	1.0	0.166666666667	1.0	0.15	0.0	1.0	1.0	0.0	16.5
1.0	-0.04	1.0	0.25	0.666666666667	0.545454545455	0.005072	0.5	0.5	0.782608695652	0.05	0.0	0.00401606425703	0.714285714286	1.0	0.99
1.0	0.86	0.994	0.333333333333	0.0	0.0	0.000324	0.833333333333	0.666666666667	0.869565217391	0.1	0.0	0.0240963855422	0.714285714286	0.0	11.5
1.0	0.12	1.0	0.25	0.666666666667	0.0	0.000136	0.833333333333	0.833333333333	1.0	0.1	1.0	0.160642570281	1.0	1.0	2.49
1.0	0.98	1.0	0.416666666667	0.666666666667	0.0	0.000686	0.5	0.5	0.782608695652	0.15	1.0	0.160642570281	1.0	0.0	1.25
1.0	0.86	0.997	0.416666666667	0.666666666667	0.0	0.00118	0.0	0.0	0.0434782608696	0.05	0.0	1.0	1.0	1.0	0.99
1.0	0.64	0.999	0.416666666667	0.666666666667	0.0	0.008304	0.0	0.0	0.0434782608696	0.05	0.0	0.0160642570281	0.714285714286	1.0	0.99
1.0	0.08	1.0	0.416666666667	0.666666666667	0.181818181818	0.001836	0.5	0.5	1.0	0.05	0.0	1.0	1.0	0.0	2.34
1.0	0.86	0.99	0.416666666667	0.0	0.0	0.0002	0.166666666667	0.0	0.0	0.1	1.0	0.160642570281	1.0	0.0	0.99
1.0	0.14	0.997	0.416666666667	0.666666666667	0.0	0.001234	0.666666666667	0.666666666667	0.0434782608696	1.5	0.0	1.0	1.0	1.0	0.99
1.0	0.06	1.0	0.0833333333333	0.666666666667	0.363636363636	0.000346	0.666666666667	0.666666666667	0.478260869565	0.1	1.0	0.160642570281	1.0	1.0	12.95
1.0	0.1	0.981	0.416666666667	0.666666666667	0.454545454545	0.000522	1.0	1.0	0.0	0.15	0.0	1.0	0.714285714286	1.0	0.99
1.0	0.96	1.0	0.25	0.666666666667	0.272727272727	0.002378	0.5	0.5	0.0869565217391	0.05	0.0	1.0	1.0	1.0	1.99
1.0	0.06	1.0	0.25	0.666666666667	0.0	0.000194	0.0	0.0	1.0	0.1	0.0	0.00401606425703	0.714285714286	0.0	10.0
1.0	0.96	0.981	0.416666666667	0.222222222222	0.909090909091	0.000866	1.0	0.5	0.0	0.15	0.0	1.0	0.714285714286	1.0	8.05
1.0	0.14	1.0	0.416666666667	0.666666666667	0.0	0.00163	0.5	0.5	0.782608695652	0.05	1.0	0.160642570281	1.0	0.0	0.99
1.0	0.98	1.0	0.5	0.666666666667	0.0	0.00075	0.833333333333	0.833333333333	0.782608695652	0.15	1.0	0.00401606425703	0.714285714286	0.0	0.99
1.0	0.98	0.999	0.416666666667	0.666666666667	0.272727272727	0.000168	1.0	1.0	0.521739130435	0.05	0.0	1.0	1.0	1.0	2.0
1.0	0.12	0.997	0.583333333333	0.444444444444	0.181818181818	0.00259	0.833333333333	0.0	0.304347826087	0.25	0.0	1.0	0.714285714286	0.0	8.49
1.0	0.14	1.0	0.0833333333333	0.666666666667	0.363636363636	0.00038	0.833333333333	0.833333333333	0.739130434783	0.15	1.0	0.160642570281	1.0	0.0	1.99
1.0	0.14	1.0	0.5	0.444444444444	0.818181818182	0.005384	1.0	0.166666666667	0.0	0.05	0.0	0.00401606425703	0.714285714286	1.0	8.45
1.0	0.12	1.0	0.333333333333	0.666666666667	0.0	0.000222	0.833333333333	0.833333333333	0.782608695652	0.25	0.0	0.00401606425703	0.714285714286	0.0	1.99
0.0	0.86	1.0	0.25	0.222222222222	0.181818181818	0.000518	0.333333333333	1.0	0.739130434783	0.1	0.0	0.00401606425703	0.714285714286	0.0	9.99
1.0	0.14	1.0	0.5	0.666666666667	0.727272727273	0.005484	1.0	1.0	0.0434782608696	0.05	0.0	0.00401606425703	0.714285714286	1.0	13.25
1.0	0.86	1.0	0.25	0.666666666667	0.0	8.8e-05	0.833333333333	0.833333333333	0.869565217391	0.1	1.0	0.160642570281	1.0	0.0	0.99
1.0	0.06	1.0	0.5	0.666666666667	0.0909090909091	0.000666	0.666666666667	0.666666666667	0.0869565217391	0.05	0.0	1.0	0.714285714286	1.0	1.29
1.0	0.1	1.0	0.25	0.222222222222	0.0	0.002806	0.0	0.666666666667	1.0	0.1	1.0	0.160642570281	1.0	1.0	1.99
1.0	0.14	0.997	0.416666666667	0.666666666667	0.0	0.001234	0.666666666667	0.666666666667	0.0434782608696	1.5	0.0	1.0	1.0	1.0	3.75
0.0	0.86	0.999	0.416666666667	0.666666666667	0.454545454545	0.000488	0.666666666667	0.666666666667	0.652173913043	0.05	1.0	0.160642570281	1.0	1.0	0.8
1.0	0.06	1.0	0.666666666667	0.666666666667	0.0	0.000336	1.0	1.0	0.521739130435	0.05	0.0	1.0	0.714285714286	1.0	2.0
1.0	0.08	1.0	0.166666666667	0.666666666667	0.454545454545	0.000448	0.333333333333	0.333333333333	0.217391304348	0.1	0.0	0.00401606425703	0.714285714286	0.0	7.25
1.0	0.02	0.957	0.25	0.222222222222	0.0	0.000296	0.0	0.666666666667	0.0434782608696	0.15	0.0	0.00401606425703	0.714285714286	0.0	0.99
1.0	0.06	1.0	0.25	0.666666666667	0.0	0.000132	0.333333333333	0.333333333333	1.0	0.1	1.0	0.160642570281	1.0	1.0	2.99
0.0	0.1	1.0	0.333333333333	0.666666666667	0.0909090909091	0.000318	1.0	1.0	0.173913043478	0.25	0.0	0.00401606425703	0.714285714286	1.0	5.7
1.0	0.06	1.0	0.25	0.444444444444	0.0	0.000248	0.0	0.333333333333	0.0869565217391	0.1	1.0	0.160642570281	1.0	1.0	1.0
1.0	0.06	1.0	0.416666666667	0.666666666667	0.0	0.000256	0.0	0.0	0.130434782609	0.15	0.0	0.00401606425703	1.0	0.0	0.75
1.0	0.72	0.999	0.5	1.0	0.272727272727	0.001148	0.666666666667	0.166666666667	0.782608695652	0.05	1.0	0.160642570281	1.0	1.0	8.5
1.0	0.64	0.999	0.416666666667	0.666666666667	0.0	0.008328	0.0	0.0	0.0434782608696	0.05	0.0	0.0160642570281	0.714285714286	1.0	0.99
1.0	0.7	1.0	0.333333333333	0.666666666667	0.181818181818	0.000652	0.0	0.0	0.608695652174	0.15	0.0	0.00401606425703	0.714285714286	1.0	1.99
1.0	0.06	1.0	0.166666666667	0.666666666667	0.727272727273	0.000916	0.5	0.5	0.0869565217391	0.1	0.0	0.00401606425703	0.714285714286	0.0	1.95
0.0	0.14	1.0	0.25	0.444444444444	0.0	0.000696	0.0	0.333333333333	0.913043478261	0.15	0.0	0.00401606425703	0.714285714286	0.0	22.26
1.0	0.02	1.0	0.333333333333	0.666666666667	0.0909090909091	0.000366	0.166666666667	0.166666666667	1.0	0.15	0.0	0.00401606425703	1.0	0.0	2.25
1.0	0.78	0.999	0.5	0.666666666667	0.363636363636	0.001994	0.166666666667	0.166666666667	0.652173913043	0.05	0.0	1.0	1.0	1.0	2.99
1.0	0.14	0.989	0.416666666667	0.0	0.0909090909091	0.00158	0.5	0.333333333333	0.130434782609	0.1	1.0	1.0	1.0	1.0	0.85
1.0	0.14	0.993	0.25	0.222222222222	0.272727272727	0.000122	0.0	0.666666666667	0.913043478261	0.1	1.0	0.160642570281	0.428571428571	0.0	27.3
1.0	0.98	1.0	0.166666666667	0.444444444444	0.727272727273	0.000472	0.0	0.333333333333	0.695652173913	0.1	0.0	0.00401606425703	0.714285714286	0.0	6.59
1.0	0.06	1.0	0.416666666667	0.222222222222	0.0	0.001048	0.5	0.0	0.0	0.05	0.0	0.00401606425703	0.714285714286	1.0	1.99
1.0	0.56	1.0	0.25	0.666666666667	0.272727272727	0.002308	0.5	0.5	0.0869565217391	0.05	0.0	1.0	1.0	1.0	1.99
1.0	0.14	1.0	0.25	0.222222222222	0.0909090909091	0.000124	0.333333333333	1.0	0.95652173913	0.15	1.0	0.160642570281	1.0	0.0	21.5
1.0	0.86	1.0	0.25	0.222222222222	0.0909090909091	0.000114	0.833333333333	0.333333333333	0.95652173913	0.1	1.0	1.0	1.0	1.0	1.99
1.0	0.06	1.0	0.5	0.444444444444	0.0	0.004676	0.0	0.333333333333	0.0869565217391	0.05	0.0	0.0160642570281	0.714285714286	1.0	1.04
1.0	0.08	1.0	0.416666666667	0.444444444444	0.181818181818	0.000318	1.0	0.166666666667	0.260869565217	0.05	0.0	1.0	0.714285714286	1.0	1.0
1.0	0.14	1.0	0.25	0.222222222222	0.454545454545	0.000532	0.5	0.0	0.130434782609	0.05	1.0	0.160642570281	1.0	1.0	26.02
1.0	0.08	0.999	0.416666666667	0.666666666667	0.0	0.000158	0.166666666667	0.166666666667	0.869565217391	0.05	0.0	0.00401606425703	0.714285714286	1.0	1.29
1.0	0.86	1.0	0.0833333333333	0.666666666667	0.181818181818	0.000208	0.166666666667	0.166666666667	0.478260869565	0.1	1.0	0.160642570281	1.0	0.0	16.99
1.0	0.02	1.0	0.333333333333	0.444444444444	0.0	0.001078	0.666666666667	1.0	0.695652173913	0.1	0.0	0.00401606425703	1.0	0.0	1.25
1.0	0.14	1.0	0.333333333333	0.222222222222	0.0909090909091	0.001372	0.0	0.666666666667	1.0	0.05	0.0	1.0	0.714285714286	0.0	20.0
1.0	0.12	0.999	0.416666666667	0.666666666667	0.0	0.000968	0.0	0.0	0.0869565217391	0.15	0.0	0.00401606425703	0.714285714286	0.0	0.24
0.0	0.14	1.0	0.25	0.666666666667	0.272727272727	0.003044	0.333333333333	0.333333333333	0.217391304348	0.15	0.0	0.00401606425703	0.714285714286	0.0	7.88
1.0	0.14	0.997	0.416666666667	0.666666666667	0.0	0.001234	0.666666666667	0.666666666667	0.0434782608696	0.05	0.0	1.0	1.0	1.0	3.7
1.0	0.1	0.995	0.416666666667	0.666666666667	0.0909090909091	0.001126	0.5	0.5	0.0	0.05	1.0	0.160642570281	1.0	1.0	0.99
1.0	0.08	0.995	0.416666666667	0.666666666667	0.0	0.00057	0.666666666667	0.666666666667	0.0434782608696	0.25	1.0	0.0120481927711	1.0	0.0	0.99
1.0	0.14	1.0	0.416666666667	0.444444444444	0.0	0.002168	0.833333333333	0.0	0.0	0.05	0.0	1.0	1.0	1.0	22.38
1.0	0.12	0.997	0.416666666667	0.666666666667	0.0	0.001192	0.0	0.0	0.0434782608696	0.05	0.0	1.0	1.0	1.0	2.0
1.0	0.14	0.995	0.416666666667	0.222222222222	0.0	0.00066	0.0	0.666666666667	0.608695652174	0.05	0.0	1.0	0.714285714286	1.0	3.24
1.0	0.12	0.998	0.416666666667	0.666666666667	0.545454545455	0.002576	0.0	0.0	0.0	0.05	1.0	0.00401606425703	0.714285714286	1.0	0.99
1.0	0.92	1.0	0.25	0.666666666667	0.0909090909091	0.001192	0.333333333333	0.333333333333	0.0434782608696	0.05	1.0	0.160642570281	1.0	1.0	0.99
1.0	0.96	0.996	0.333333333333	0.666666666667	0.0909090909091	0.000786	0.666666666667	0.666666666667	0.95652173913	0.1	0.0	0.00401606425703	0.714285714286	0.0	5.0
1.0	0.86	0.987	0.25	0.444444444444	0.909090909091	0.000522	0.0	0.333333333333	0.130434782609	0.2	1.0	1.0	1.0	1.0	12.0
1.0	0.1	0.997	0.583333333333	0.222222222222	0.181818181818	0.00253	0.166666666667	0.833333333333	0.173913043478	0.25	0.0	1.0	0.714285714286	0.0	8.62
1.0	0.02	1.0	0.416666666667	0.666666666667	0.363636363636	0.00386	1.0	1.0	0.0869565217391	0.05	0.0	1.0	1.0	1.0	0.99
1.0	0.02	1.0	0.25	0.666666666667	0.363636363636	0.005186	0.833333333333	0.833333333333	0.0	0.05	0.0	0.00401606425703	0.714285714286	1.0	0.99
1.0	0.96	1.0	0.25	0.444444444444	0.0	0.000274	0.166666666667	0.5	0.521739130435	0.1	1.0	0.160642570281	1.0	1.0	1.0
1.0	0.06	1.0	0.5	0.444444444444	0.818181818182	0.00486	1.0	0.166666666667	0.0	0.05	0.0	0.00401606425703	0.714285714286	1.0	26.75
1.0	-0.04	1.0	0.25	0.666666666667	0.0909090909091	0.000484	1.0	1.0	0.652173913043	0.1	0.0	0.00401606425703	0.714285714286	0.0	0.99
1.0	0.06	1.0	0.25	1.0	0.272727272727	0.000644	1.0	0.5	1.0	0.05	0.0	1.0	0.714285714286	0.0	17.51
1.0	0.14	1.0	0.25	0.666666666667	0.0909090909091	0.002122	0.333333333333	0.333333333333	0.0	0.1	0.0	1.0	1.0	0.0	16.49
1.0	0.56	0.993	0.416666666667	0.666666666667	0.0	0.000242	1.0	1.0	1.0	0.05	1.0	0.160642570281	1.0	1.0	2.5
0.0	0.02	0.999	0.416666666667	0.444444444444	0.181818181818	0.001482	1.0	0.166666666667	0.869565217391	0.05	0.0	0.00401606425703	0.714285714286	1.0	3.25
1.0	0.02	1.0	0.416666666667	0.666666666667	0.0909090909091	0.000744	1.0	1.0	0.652173913043	0.1	0.0	0.00401606425703	0.714285714286	0.0	6.98
1.0	0.02	1.0	0.333333333333	0.666666666667	0.181818181818	0.001066	0.833333333333	0.833333333333	0.0434782608696	0.05	0.0	0.00401606425703	0.428571428571	1.0	7.49
1.0	0.14	0.997	0.416666666667	0.666666666667	0.0	0.001196	0.0	0.0	0.0	0.05	0.0	1.0	1.0	1.0	0.99
1.0	0.86	1.0	0.25	0.666666666667	0.181818181818	0.000602	0.333333333333	0.333333333333	0.0	0.1	0.0	0.00401606425703	0.714285714286	0.0	2.25
1.0	0.96	1.0	0.25	0.222222222222	0.0	0.00082	0.166666666667	0.833333333333	0.95652173913	0.05	0.0	1.0	0.714285714286	1.0	16.0
1.0	0.56	1.0	0.166666666667	0.666666666667	0.0909090909091	5.2e-05	0.333333333333	0.333333333333	0.652173913043	0.15	1.0	0.160642570281	1.0	0.0	23.55
1.0	0.08	1.0	0.416666666667	0.666666666667	0.545454545455	0.001802	0.333333333333	0.333333333333	1.0	0.05	0.0	0.00401606425703	0.714285714286	1.0	0.99
1.0	-0.04	1.0	0.25	0.666666666667	0.545454545455	0.005072	1.0	1.0	0.130434782609	0.05	0.0	0.00401606425703	0.714285714286	1.0	0.99
1.0	0.56	1.0	0.333333333333	0.444444444444	0.727272727273	0.00162	0.333333333333	0.666666666667	0.0869565217391	0.15	0.0	1.0	0.714285714286	0.0	11.01
1.0	0.14	1.0	0.5	0.222222222222	0.0909090909091	0.00054	0.0	0.666666666667	0.652173913043	0.05	1.0	1.0	1.0	1.0	1.99
